[2026-02-19 18:33:16.377] [ERROR] SQL error: bad parameter or other API misuse
[2026-02-19 18:33:16.377] [INFO ] Database opened: todo_app.db
[2026-02-19 18:33:16.382] [DEBUG] Tables created/checked
[2026-02-19 18:33:16.385] [DEBUG] Tables created/checked
[2026-02-19 18:33:16.388] [DEBUG] Tables created/checked
[2026-02-19 18:33:16.394] [DEBUG] Tables created/checked
[2026-02-19 18:33:16.394] [DEBUG] FTS table not found, creating...
[2026-02-19 18:33:16.396] [DEBUG] FTS table created
[2026-02-19 18:33:16.396] [DEBUG] FTS table populated with existing data
[2026-02-19 18:33:16.398] [INFO ] User registered: admin (ID: 1)
[2026-02-19 18:33:16.398] [INFO ] Created default user: admin/admin123
[2026-02-19 18:33:16.398] [INFO ] Server running on http://localhost:8080
[2026-02-19 18:33:24.012] [INFO ] Loaded frontend from: frontend.html
[2026-02-19 18:33:24.057] [INFO ] Validating token: eyJhbGciOiJIUzI1NiIs...
[2026-02-19 18:33:24.057] [DEBUG] Validating JWT token...
[2026-02-19 18:33:24.057] [INFO ] Token valid for user: admin (ID: 1)
[2026-02-19 18:33:24.075] [INFO ] Validating token: eyJhbGciOiJIUzI1NiIs...
[2026-02-19 18:33:24.076] [DEBUG] Validating JWT token...
[2026-02-19 18:33:24.076] [INFO ] Token valid for user: admin (ID: 1)
[2026-02-19 18:33:24.077] [INFO ] Validating token: eyJhbGciOiJIUzI1NiIs...
[2026-02-19 18:33:24.077] [DEBUG] Validating JWT token...
[2026-02-19 18:33:24.077] [INFO ] Token valid for user: admin (ID: 1)
[2026-02-19 18:33:24.077] [INFO ] Validating token: eyJhbGciOiJIUzI1NiIs...
[2026-02-19 18:33:24.077] [DEBUG] Validating JWT token...
[2026-02-19 18:33:24.077] [INFO ] Token valid for user: admin (ID: 1)
[2026-02-19 18:33:24.080] [INFO ] Validating token: eyJhbGciOiJIUzI1NiIs...
[2026-02-19 18:33:24.080] [DEBUG] Validating JWT token...
[2026-02-19 18:33:24.080] [INFO ] Token valid for user: admin (ID: 1)
[2026-02-19 18:33:28.831] [INFO ] Validating token: eyJhbGciOiJIUzI1NiIs...
[2026-02-19 18:33:28.831] [DEBUG] Validating JWT token...
[2026-02-19 18:33:28.831] [INFO ] Token valid for user: admin (ID: 1)
[2026-02-19 18:33:28.837] [INFO ] Todo created for user 'admin', ID: 1
[2026-02-19 18:33:28.849] [INFO ] Validating token: eyJhbGciOiJIUzI1NiIs...
[2026-02-19 18:33:28.849] [DEBUG] Validating JWT token...
[2026-02-19 18:33:28.849] [INFO ] Token valid for user: admin (ID: 1)
[2026-02-19 18:33:28.864] [INFO ] Validating token: eyJhbGciOiJIUzI1NiIs...
[2026-02-19 18:33:28.864] [DEBUG] Validating JWT token...
[2026-02-19 18:33:28.864] [INFO ] Token valid for user: admin (ID: 1)
[2026-02-19 18:33:32.766] [INFO ] Validating token: eyJhbGciOiJIUzI1NiIs...
[2026-02-19 18:33:32.766] [DEBUG] Validating JWT token...
[2026-02-19 18:33:32.766] [INFO ] Token valid for user: admin (ID: 1)
[2026-02-19 18:33:32.777] [INFO ] Todo created for user 'admin', ID: 2
[2026-02-19 18:33:32.780] [INFO ] Validating token: eyJhbGciOiJIUzI1NiIs...
[2026-02-19 18:33:32.781] [DEBUG] Validating JWT token...
[2026-02-19 18:33:32.781] [INFO ] Token valid for user: admin (ID: 1)
[2026-02-19 18:33:32.786] [INFO ] Validating token: eyJhbGciOiJIUzI1NiIs...
[2026-02-19 18:33:32.786] [DEBUG] Validating JWT token...
[2026-02-19 18:33:32.786] [INFO ] Token valid for user: admin (ID: 1)
[2026-02-19 18:33:39.957] [INFO ] Validating token: eyJhbGciOiJIUzI1NiIs...
[2026-02-19 18:33:39.957] [DEBUG] Validating JWT token...
[2026-02-19 18:33:39.957] [INFO ] Token valid for user: admin (ID: 1)
[2026-02-19 18:33:39.957] [DEBUG] ========== SEARCH ENDPOINT CALLED ==========
[2026-02-19 18:33:39.957] [DEBUG] Query: 'молоко'
[2026-02-19 18:33:39.957] [DEBUG] Highlight: true
[2026-02-19 18:33:39.958] [DEBUG] User ID: 1
[2026-02-19 18:33:39.958] [DEBUG] Username: admin
[2026-02-19 18:33:39.958] [DEBUG] Calling db->searchTodos...
[2026-02-19 18:33:39.958] [ERROR] EXCEPTION in searchTodos: wstring_convert::from_bytes
[2026-02-19 18:33:39.958] [DEBUG] JSON response length: 47
[2026-02-19 18:33:39.958] [DEBUG] JSON preview: {"query":"молоко","count":0,"results":[]}
[2026-02-19 18:33:39.958] [DEBUG] Response sent successfully
[2026-02-19 18:33:39.958] [DEBUG] ========== SEARCH ENDPOINT FINISHED ==========
[2026-02-19 18:41:12.887] [ERROR] SQL error: bad parameter or other API misuse
[2026-02-19 18:41:12.888] [INFO ] Database opened: todo_app.db
[2026-02-19 18:41:12.888] [DEBUG] Tables created/checked
[2026-02-19 18:41:12.888] [DEBUG] Tables created/checked
[2026-02-19 18:41:12.888] [DEBUG] Tables created/checked
[2026-02-19 18:41:12.888] [DEBUG] Tables created/checked
[2026-02-19 18:41:12.892] [DEBUG] FTS table populated with existing data
[2026-02-19 18:41:12.892] [INFO ] Server running on http://localhost:8080
[2026-02-19 18:41:15.809] [INFO ] Loaded frontend from: frontend.html
[2026-02-19 18:41:15.853] [INFO ] Validating token: eyJhbGciOiJIUzI1NiIs...
[2026-02-19 18:41:15.853] [DEBUG] Validating JWT token...
[2026-02-19 18:41:15.853] [INFO ] Token valid for user: admin (ID: 1)
[2026-02-19 18:41:15.867] [INFO ] Validating token: eyJhbGciOiJIUzI1NiIs...
[2026-02-19 18:41:15.867] [DEBUG] Validating JWT token...
[2026-02-19 18:41:15.867] [INFO ] Token valid for user: admin (ID: 1)
[2026-02-19 18:41:15.872] [INFO ] Validating token: eyJhbGciOiJIUzI1NiIs...
[2026-02-19 18:41:15.872] [DEBUG] Validating JWT token...
[2026-02-19 18:41:15.872] [INFO ] Token valid for user: admin (ID: 1)
[2026-02-19 18:41:15.873] [INFO ] Validating token: eyJhbGciOiJIUzI1NiIs...
[2026-02-19 18:41:15.873] [DEBUG] Validating JWT token...
[2026-02-19 18:41:15.874] [INFO ] Validating token: eyJhbGciOiJIUzI1NiIs...
[2026-02-19 18:41:15.874] [DEBUG] Validating JWT token...
[2026-02-19 18:41:15.874] [INFO ] Token valid for user: admin (ID: 1)
[2026-02-19 18:41:15.874] [INFO ] Token valid for user: admin (ID: 1)
[2026-02-19 18:41:16.998] [INFO ] Loaded frontend from: frontend.html
[2026-02-19 18:41:17.019] [INFO ] Validating token: eyJhbGciOiJIUzI1NiIs...
[2026-02-19 18:41:17.019] [DEBUG] Validating JWT token...
[2026-02-19 18:41:17.019] [INFO ] Token valid for user: admin (ID: 1)
[2026-02-19 18:41:17.031] [INFO ] Validating token: eyJhbGciOiJIUzI1NiIs...
[2026-02-19 18:41:17.031] [DEBUG] Validating JWT token...
[2026-02-19 18:41:17.031] [INFO ] Token valid for user: admin (ID: 1)
[2026-02-19 18:41:17.032] [INFO ] Validating token: eyJhbGciOiJIUzI1NiIs...
[2026-02-19 18:41:17.032] [DEBUG] Validating JWT token...
[2026-02-19 18:41:17.032] [INFO ] Validating token: eyJhbGciOiJIUzI1NiIs...
[2026-02-19 18:41:17.032] [DEBUG] Validating JWT token...
[2026-02-19 18:41:17.032] [INFO ] Token valid for user: admin (ID: 1)
[2026-02-19 18:41:17.032] [INFO ] Token valid for user: admin (ID: 1)
[2026-02-19 18:41:17.032] [INFO ] Validating token: eyJhbGciOiJIUzI1NiIs...
[2026-02-19 18:41:17.032] [DEBUG] Validating JWT token...
[2026-02-19 18:41:17.032] [INFO ] Token valid for user: admin (ID: 1)
[2026-02-19 18:41:24.624] [INFO ] Validating token: eyJhbGciOiJIUzI1NiIs...
[2026-02-19 18:41:24.624] [DEBUG] Validating JWT token...
[2026-02-19 18:41:24.624] [INFO ] Token valid for user: admin (ID: 1)
[2026-02-19 18:41:24.624] [DEBUG] ========== SEARCH ENDPOINT CALLED ==========
[2026-02-19 18:41:24.624] [DEBUG] Query: 'хлеб'
[2026-02-19 18:41:24.624] [DEBUG] Highlight: true
[2026-02-19 18:41:24.624] [DEBUG] User ID: 1
[2026-02-19 18:41:24.624] [DEBUG] Username: admin
[2026-02-19 18:41:24.624] [DEBUG] Calling db->searchTodos...
[2026-02-19 18:41:24.624] [DEBUG] FTS returned no results, using fallback search
[2026-02-19 18:41:24.624] [DEBUG] db->searchTodos returned 1 results
[2026-02-19 18:41:24.624] [DEBUG] First result: ID=2, title='Купить хлеб'
[2026-02-19 18:41:24.624] [DEBUG] JSON response length: 248
[2026-02-19 18:41:24.624] [DEBUG] JSON preview: {"query":"хлеб","count":1,"results":[{"id":2,"title":"Купить хлеб","description":"","completed":false,"created_at":"2026-02-19 15:33:32","priority":1,"due_date":"","category_id":0,"user_
[2026-02-19 18:41:24.624] [DEBUG] Response sent successfully
[2026-02-19 18:41:24.624] [DEBUG] ========== SEARCH ENDPOINT FINISHED ==========
[2026-02-19 18:41:29.198] [INFO ] Validating token: eyJhbGciOiJIUzI1NiIs...
[2026-02-19 18:41:29.198] [DEBUG] Validating JWT token...
[2026-02-19 18:41:29.198] [INFO ] Token valid for user: admin (ID: 1)
[2026-02-19 18:41:29.198] [DEBUG] ========== SEARCH ENDPOINT CALLED ==========
[2026-02-19 18:41:29.198] [DEBUG] Query: 'хлеб'
[2026-02-19 18:41:29.198] [DEBUG] Highlight: true
[2026-02-19 18:41:29.198] [DEBUG] User ID: 1
[2026-02-19 18:41:29.198] [DEBUG] Username: admin
[2026-02-19 18:41:29.198] [DEBUG] Calling db->searchTodos...
[2026-02-19 18:41:29.198] [DEBUG] FTS returned no results, using fallback search
[2026-02-19 18:41:29.198] [DEBUG] db->searchTodos returned 1 results
[2026-02-19 18:41:29.198] [DEBUG] First result: ID=2, title='Купить хлеб'
[2026-02-19 18:41:29.198] [DEBUG] JSON response length: 248
[2026-02-19 18:41:29.198] [DEBUG] JSON preview: {"query":"хлеб","count":1,"results":[{"id":2,"title":"Купить хлеб","description":"","completed":false,"created_at":"2026-02-19 15:33:32","priority":1,"due_date":"","category_id":0,"user_
[2026-02-19 18:41:29.198] [DEBUG] Response sent successfully
[2026-02-19 18:41:29.198] [DEBUG] ========== SEARCH ENDPOINT FINISHED ==========
[2026-02-19 18:41:29.731] [INFO ] Validating token: eyJhbGciOiJIUzI1NiIs...
[2026-02-19 18:41:29.731] [DEBUG] Validating JWT token...
[2026-02-19 18:41:29.731] [INFO ] Token valid for user: admin (ID: 1)
[2026-02-19 18:41:29.731] [DEBUG] ========== SEARCH ENDPOINT CALLED ==========
[2026-02-19 18:41:29.731] [DEBUG] Query: 'хлеб'
[2026-02-19 18:41:29.731] [DEBUG] Highlight: true
[2026-02-19 18:41:29.731] [DEBUG] User ID: 1
[2026-02-19 18:41:29.731] [DEBUG] Username: admin
[2026-02-19 18:41:29.731] [DEBUG] Calling db->searchTodos...
[2026-02-19 18:41:29.731] [DEBUG] FTS returned no results, using fallback search
[2026-02-19 18:41:29.731] [DEBUG] db->searchTodos returned 1 results
[2026-02-19 18:41:29.731] [DEBUG] First result: ID=2, title='Купить хлеб'
[2026-02-19 18:41:29.731] [DEBUG] JSON response length: 248
[2026-02-19 18:41:29.731] [DEBUG] JSON preview: {"query":"хлеб","count":1,"results":[{"id":2,"title":"Купить хлеб","description":"","completed":false,"created_at":"2026-02-19 15:33:32","priority":1,"due_date":"","category_id":0,"user_
[2026-02-19 18:41:29.731] [DEBUG] Response sent successfully
[2026-02-19 18:41:29.731] [DEBUG] ========== SEARCH ENDPOINT FINISHED ==========
[2026-02-19 18:41:30.211] [INFO ] Validating token: eyJhbGciOiJIUzI1NiIs...
[2026-02-19 18:41:30.211] [DEBUG] Validating JWT token...
[2026-02-19 18:41:30.211] [INFO ] Token valid for user: admin (ID: 1)
[2026-02-19 18:41:30.211] [DEBUG] ========== SEARCH ENDPOINT CALLED ==========
[2026-02-19 18:41:30.211] [DEBUG] Query: 'хлеб'
[2026-02-19 18:41:30.211] [DEBUG] Highlight: true
[2026-02-19 18:41:30.211] [DEBUG] User ID: 1
[2026-02-19 18:41:30.211] [DEBUG] Username: admin
[2026-02-19 18:41:30.211] [DEBUG] Calling db->searchTodos...
[2026-02-19 18:41:30.211] [DEBUG] FTS returned no results, using fallback search
[2026-02-19 18:41:30.211] [DEBUG] db->searchTodos returned 1 results
[2026-02-19 18:41:30.211] [DEBUG] First result: ID=2, title='Купить хлеб'
[2026-02-19 18:41:30.211] [DEBUG] JSON response length: 248
[2026-02-19 18:41:30.211] [DEBUG] JSON preview: {"query":"хлеб","count":1,"results":[{"id":2,"title":"Купить хлеб","description":"","completed":false,"created_at":"2026-02-19 15:33:32","priority":1,"due_date":"","category_id":0,"user_
[2026-02-19 18:41:30.211] [DEBUG] Response sent successfully
[2026-02-19 18:41:30.211] [DEBUG] ========== SEARCH ENDPOINT FINISHED ==========
[2026-02-19 18:41:33.421] [INFO ] Validating token: eyJhbGciOiJIUzI1NiIs...
[2026-02-19 18:41:33.421] [DEBUG] Validating JWT token...
[2026-02-19 18:41:33.421] [INFO ] Token valid for user: admin (ID: 1)
[2026-02-19 18:41:33.421] [DEBUG] ========== SEARCH ENDPOINT CALLED ==========
[2026-02-19 18:41:33.421] [DEBUG] Query: 'хлеб'
[2026-02-19 18:41:33.421] [DEBUG] Highlight: true
[2026-02-19 18:41:33.421] [DEBUG] User ID: 1
[2026-02-19 18:41:33.421] [DEBUG] Username: admin
[2026-02-19 18:41:33.421] [DEBUG] Calling db->searchTodos...
[2026-02-19 18:41:33.422] [DEBUG] FTS returned no results, using fallback search
[2026-02-19 18:41:33.422] [DEBUG] db->searchTodos returned 1 results
[2026-02-19 18:41:33.422] [DEBUG] First result: ID=2, title='Купить хлеб'
[2026-02-19 18:41:33.422] [DEBUG] JSON response length: 248
[2026-02-19 18:41:33.422] [DEBUG] JSON preview: {"query":"хлеб","count":1,"results":[{"id":2,"title":"Купить хлеб","description":"","completed":false,"created_at":"2026-02-19 15:33:32","priority":1,"due_date":"","category_id":0,"user_
[2026-02-19 18:41:33.422] [DEBUG] Response sent successfully
[2026-02-19 18:41:33.422] [DEBUG] ========== SEARCH ENDPOINT FINISHED ==========
[2026-02-19 18:41:34.246] [INFO ] Validating token: eyJhbGciOiJIUzI1NiIs...
[2026-02-19 18:41:34.246] [DEBUG] Validating JWT token...
[2026-02-19 18:41:34.246] [INFO ] Token valid for user: admin (ID: 1)
[2026-02-19 18:41:34.246] [DEBUG] ========== SEARCH ENDPOINT CALLED ==========
[2026-02-19 18:41:34.246] [DEBUG] Query: 'хлеб'
[2026-02-19 18:41:34.246] [DEBUG] Highlight: true
[2026-02-19 18:41:34.246] [DEBUG] User ID: 1
[2026-02-19 18:41:34.246] [DEBUG] Username: admin
[2026-02-19 18:41:34.246] [DEBUG] Calling db->searchTodos...
[2026-02-19 18:41:34.246] [DEBUG] FTS returned no results, using fallback search
[2026-02-19 18:41:34.246] [DEBUG] db->searchTodos returned 1 results
[2026-02-19 18:41:34.246] [DEBUG] First result: ID=2, title='Купить хлеб'
[2026-02-19 18:41:34.246] [DEBUG] JSON response length: 248
[2026-02-19 18:41:34.246] [DEBUG] JSON preview: {"query":"хлеб","count":1,"results":[{"id":2,"title":"Купить хлеб","description":"","completed":false,"created_at":"2026-02-19 15:33:32","priority":1,"due_date":"","category_id":0,"user_
[2026-02-19 18:41:34.246] [DEBUG] Response sent successfully
[2026-02-19 18:41:34.246] [DEBUG] ========== SEARCH ENDPOINT FINISHED ==========
[2026-02-19 18:42:03.236] [INFO ] Validating token: eyJhbGciOiJIUzI1NiIs...
[2026-02-19 18:42:03.236] [DEBUG] Validating JWT token...
[2026-02-19 18:42:03.236] [INFO ] Token valid for user: admin (ID: 1)
[2026-02-19 18:42:03.236] [DEBUG] ========== SEARCH ENDPOINT CALLED ==========
[2026-02-19 18:42:03.236] [DEBUG] Query: 'хлеб OR молоко'
[2026-02-19 18:42:03.236] [DEBUG] Highlight: true
[2026-02-19 18:42:03.236] [DEBUG] User ID: 1
[2026-02-19 18:42:03.236] [DEBUG] Username: admin
[2026-02-19 18:42:03.236] [DEBUG] Calling db->searchTodos...
[2026-02-19 18:42:03.237] [DEBUG] FTS returned no results, using fallback search
[2026-02-19 18:42:03.237] [DEBUG] db->searchTodos returned 0 results
[2026-02-19 18:42:03.237] [DEBUG] JSON response length: 59
[2026-02-19 18:42:03.237] [DEBUG] JSON preview: {"query":"хлеб OR молоко","count":0,"results":[]}
[2026-02-19 18:42:03.237] [DEBUG] Response sent successfully
[2026-02-19 18:42:03.237] [DEBUG] ========== SEARCH ENDPOINT FINISHED ==========
[2026-02-19 18:42:03.991] [INFO ] Validating token: eyJhbGciOiJIUzI1NiIs...
[2026-02-19 18:42:03.991] [DEBUG] Validating JWT token...
[2026-02-19 18:42:03.991] [INFO ] Token valid for user: admin (ID: 1)
[2026-02-19 18:42:03.991] [DEBUG] ========== SEARCH ENDPOINT CALLED ==========
[2026-02-19 18:42:03.991] [DEBUG] Query: 'хлеб OR молоко'
[2026-02-19 18:42:03.991] [DEBUG] Highlight: true
[2026-02-19 18:42:03.991] [DEBUG] User ID: 1
[2026-02-19 18:42:03.991] [DEBUG] Username: admin
[2026-02-19 18:42:03.991] [DEBUG] Calling db->searchTodos...
[2026-02-19 18:42:03.991] [DEBUG] FTS returned no results, using fallback search
[2026-02-19 18:42:03.991] [DEBUG] db->searchTodos returned 0 results
[2026-02-19 18:42:03.991] [DEBUG] JSON response length: 59
[2026-02-19 18:42:03.991] [DEBUG] JSON preview: {"query":"хлеб OR молоко","count":0,"results":[]}
[2026-02-19 18:42:03.991] [DEBUG] Response sent successfully
[2026-02-19 18:42:03.991] [DEBUG] ========== SEARCH ENDPOINT FINISHED ==========
[2026-02-19 18:42:04.431] [INFO ] Validating token: eyJhbGciOiJIUzI1NiIs...
[2026-02-19 18:42:04.431] [DEBUG] Validating JWT token...
[2026-02-19 18:42:04.431] [INFO ] Token valid for user: admin (ID: 1)
[2026-02-19 18:42:04.431] [DEBUG] ========== SEARCH ENDPOINT CALLED ==========
[2026-02-19 18:42:04.431] [DEBUG] Query: 'хлеб OR молоко'
[2026-02-19 18:42:04.431] [DEBUG] Highlight: true
[2026-02-19 18:42:04.431] [DEBUG] User ID: 1
[2026-02-19 18:42:04.431] [DEBUG] Username: admin
[2026-02-19 18:42:04.431] [DEBUG] Calling db->searchTodos...
[2026-02-19 18:42:04.431] [DEBUG] FTS returned no results, using fallback search
[2026-02-19 18:42:04.432] [DEBUG] db->searchTodos returned 0 results
[2026-02-19 18:42:04.432] [DEBUG] JSON response length: 59
[2026-02-19 18:42:04.432] [DEBUG] JSON preview: {"query":"хлеб OR молоко","count":0,"results":[]}
[2026-02-19 18:42:04.432] [DEBUG] Response sent successfully
[2026-02-19 18:42:04.432] [DEBUG] ========== SEARCH ENDPOINT FINISHED ==========
[2026-02-19 18:42:04.974] [INFO ] Validating token: eyJhbGciOiJIUzI1NiIs...
[2026-02-19 18:42:04.974] [DEBUG] Validating JWT token...
[2026-02-19 18:42:04.974] [INFO ] Token valid for user: admin (ID: 1)
[2026-02-19 18:42:04.974] [DEBUG] ========== SEARCH ENDPOINT CALLED ==========
[2026-02-19 18:42:04.974] [DEBUG] Query: 'хлеб OR молоко'
[2026-02-19 18:42:04.974] [DEBUG] Highlight: true
[2026-02-19 18:42:04.974] [DEBUG] User ID: 1
[2026-02-19 18:42:04.974] [DEBUG] Username: admin
[2026-02-19 18:42:04.974] [DEBUG] Calling db->searchTodos...
[2026-02-19 18:42:04.974] [DEBUG] FTS returned no results, using fallback search
[2026-02-19 18:42:04.974] [DEBUG] db->searchTodos returned 0 results
[2026-02-19 18:42:04.974] [DEBUG] JSON response length: 59
[2026-02-19 18:42:04.974] [DEBUG] JSON preview: {"query":"хлеб OR молоко","count":0,"results":[]}
[2026-02-19 18:42:04.974] [DEBUG] Response sent successfully
[2026-02-19 18:42:04.974] [DEBUG] ========== SEARCH ENDPOINT FINISHED ==========
[2026-02-19 18:42:15.357] [INFO ] Validating token: eyJhbGciOiJIUzI1NiIs...
[2026-02-19 18:42:15.357] [DEBUG] Validating JWT token...
[2026-02-19 18:42:15.357] [INFO ] Token valid for user: admin (ID: 1)
[2026-02-19 18:42:15.357] [DEBUG] ========== SEARCH ENDPOINT CALLED ==========
[2026-02-19 18:42:15.357] [DEBUG] Query: 'хлеб ИЛИ молоко'
[2026-02-19 18:42:15.357] [DEBUG] Highlight: true
[2026-02-19 18:42:15.357] [DEBUG] User ID: 1
[2026-02-19 18:42:15.357] [DEBUG] Username: admin
[2026-02-19 18:42:15.357] [DEBUG] Calling db->searchTodos...
[2026-02-19 18:42:15.357] [DEBUG] FTS returned no results, using fallback search
[2026-02-19 18:42:15.357] [DEBUG] db->searchTodos returned 0 results
[2026-02-19 18:42:15.357] [DEBUG] JSON response length: 63
[2026-02-19 18:42:15.357] [DEBUG] JSON preview: {"query":"хлеб ИЛИ молоко","count":0,"results":[]}
[2026-02-19 18:42:15.357] [DEBUG] Response sent successfully
[2026-02-19 18:42:15.357] [DEBUG] ========== SEARCH ENDPOINT FINISHED ==========
[2026-02-19 18:42:15.906] [INFO ] Validating token: eyJhbGciOiJIUzI1NiIs...
[2026-02-19 18:42:15.906] [DEBUG] Validating JWT token...
[2026-02-19 18:42:15.906] [INFO ] Token valid for user: admin (ID: 1)
[2026-02-19 18:42:15.906] [DEBUG] ========== SEARCH ENDPOINT CALLED ==========
[2026-02-19 18:42:15.906] [DEBUG] Query: 'хлеб ИЛИ молоко'
[2026-02-19 18:42:15.906] [DEBUG] Highlight: true
[2026-02-19 18:42:15.906] [DEBUG] User ID: 1
[2026-02-19 18:42:15.906] [DEBUG] Username: admin
[2026-02-19 18:42:15.906] [DEBUG] Calling db->searchTodos...
[2026-02-19 18:42:15.907] [DEBUG] FTS returned no results, using fallback search
[2026-02-19 18:42:15.907] [DEBUG] db->searchTodos returned 0 results
[2026-02-19 18:42:15.907] [DEBUG] JSON response length: 63
[2026-02-19 18:42:15.907] [DEBUG] JSON preview: {"query":"хлеб ИЛИ молоко","count":0,"results":[]}
[2026-02-19 18:42:15.907] [DEBUG] Response sent successfully
[2026-02-19 18:42:15.907] [DEBUG] ========== SEARCH ENDPOINT FINISHED ==========
[2026-02-19 18:42:16.140] [INFO ] Validating token: eyJhbGciOiJIUzI1NiIs...
[2026-02-19 18:42:16.140] [DEBUG] Validating JWT token...
[2026-02-19 18:42:16.140] [INFO ] Token valid for user: admin (ID: 1)
[2026-02-19 18:42:16.140] [DEBUG] ========== SEARCH ENDPOINT CALLED ==========
[2026-02-19 18:42:16.140] [DEBUG] Query: 'хлеб ИЛИ молоко'
[2026-02-19 18:42:16.140] [DEBUG] Highlight: true
[2026-02-19 18:42:16.140] [DEBUG] User ID: 1
[2026-02-19 18:42:16.140] [DEBUG] Username: admin
[2026-02-19 18:42:16.140] [DEBUG] Calling db->searchTodos...
[2026-02-19 18:42:16.140] [DEBUG] FTS returned no results, using fallback search
[2026-02-19 18:42:16.141] [DEBUG] db->searchTodos returned 0 results
[2026-02-19 18:42:16.141] [DEBUG] JSON response length: 63
[2026-02-19 18:42:16.141] [DEBUG] JSON preview: {"query":"хлеб ИЛИ молоко","count":0,"results":[]}
[2026-02-19 18:42:16.141] [DEBUG] Response sent successfully
[2026-02-19 18:42:16.141] [DEBUG] ========== SEARCH ENDPOINT FINISHED ==========
[2026-02-19 18:46:05.265] [ERROR] SQL error: bad parameter or other API misuse
[2026-02-19 18:46:05.268] [INFO ] Database opened: todo_app.db
[2026-02-19 18:46:05.268] [DEBUG] Tables created/checked
[2026-02-19 18:46:05.268] [DEBUG] Tables created/checked
[2026-02-19 18:46:05.268] [DEBUG] Tables created/checked
[2026-02-19 18:46:05.268] [DEBUG] Tables created/checked
[2026-02-19 18:46:05.271] [DEBUG] FTS table populated with existing data
[2026-02-19 18:46:05.272] [INFO ] Server running on http://localhost:8080
[2026-02-19 18:46:09.413] [INFO ] Loaded frontend from: frontend.html
[2026-02-19 18:46:09.467] [INFO ] Validating token: eyJhbGciOiJIUzI1NiIs...
[2026-02-19 18:46:09.467] [DEBUG] Validating JWT token...
[2026-02-19 18:46:09.467] [INFO ] Token valid for user: admin (ID: 1)
[2026-02-19 18:46:09.482] [INFO ] Validating token: eyJhbGciOiJIUzI1NiIs...
[2026-02-19 18:46:09.482] [DEBUG] Validating JWT token...
[2026-02-19 18:46:09.482] [INFO ] Token valid for user: admin (ID: 1)
[2026-02-19 18:46:09.483] [INFO ] Validating token: eyJhbGciOiJIUzI1NiIs...
[2026-02-19 18:46:09.483] [DEBUG] Validating JWT token...
[2026-02-19 18:46:09.483] [INFO ] Token valid for user: admin (ID: 1)
[2026-02-19 18:46:09.484] [INFO ] Validating token: eyJhbGciOiJIUzI1NiIs...
[2026-02-19 18:46:09.484] [DEBUG] Validating JWT token...
[2026-02-19 18:46:09.484] [INFO ] Token valid for user: admin (ID: 1)
[2026-02-19 18:46:09.484] [INFO ] Validating token: eyJhbGciOiJIUzI1NiIs...
[2026-02-19 18:46:09.484] [DEBUG] Validating JWT token...
[2026-02-19 18:46:09.484] [INFO ] Token valid for user: admin (ID: 1)
[2026-02-19 18:46:10.049] [INFO ] Loaded frontend from: frontend.html
[2026-02-19 18:46:10.087] [INFO ] Validating token: eyJhbGciOiJIUzI1NiIs...
[2026-02-19 18:46:10.087] [DEBUG] Validating JWT token...
[2026-02-19 18:46:10.087] [INFO ] Token valid for user: admin (ID: 1)
[2026-02-19 18:46:10.100] [INFO ] Validating token: eyJhbGciOiJIUzI1NiIs...
[2026-02-19 18:46:10.100] [DEBUG] Validating JWT token...
[2026-02-19 18:46:10.100] [INFO ] Token valid for user: admin (ID: 1)
[2026-02-19 18:46:10.104] [INFO ] Validating token: eyJhbGciOiJIUzI1NiIs...
[2026-02-19 18:46:10.104] [DEBUG] Validating JWT token...
[2026-02-19 18:46:10.104] [INFO ] Token valid for user: admin (ID: 1)
[2026-02-19 18:46:10.105] [INFO ] Validating token: eyJhbGciOiJIUzI1NiIs...
[2026-02-19 18:46:10.105] [DEBUG] Validating JWT token...
[2026-02-19 18:46:10.105] [INFO ] Token valid for user: admin (ID: 1)
[2026-02-19 18:46:10.105] [INFO ] Validating token: eyJhbGciOiJIUzI1NiIs...
[2026-02-19 18:46:10.105] [DEBUG] Validating JWT token...
[2026-02-19 18:46:10.105] [INFO ] Token valid for user: admin (ID: 1)
[2026-02-19 18:46:13.766] [INFO ] Validating token: eyJhbGciOiJIUzI1NiIs...
[2026-02-19 18:46:13.767] [DEBUG] Validating JWT token...
[2026-02-19 18:46:13.767] [INFO ] Token valid for user: admin (ID: 1)
[2026-02-19 18:46:13.767] [DEBUG] ========== SEARCH ENDPOINT CALLED ==========
[2026-02-19 18:46:13.767] [DEBUG] Query: 'хлеб ИЛИ молоко'
[2026-02-19 18:46:13.767] [DEBUG] Highlight: true
[2026-02-19 18:46:13.767] [DEBUG] User ID: 1
[2026-02-19 18:46:13.767] [DEBUG] Username: admin
[2026-02-19 18:46:13.767] [DEBUG] Calling db->searchTodos...
[2026-02-19 18:46:13.767] [DEBUG] FTS returned no results, using fallback search
[2026-02-19 18:46:13.767] [DEBUG] db->searchTodos returned 0 results
[2026-02-19 18:46:13.767] [DEBUG] JSON response length: 63
[2026-02-19 18:46:13.767] [DEBUG] JSON preview: {"query":"хлеб ИЛИ молоко","count":0,"results":[]}
[2026-02-19 18:46:13.767] [DEBUG] Response sent successfully
[2026-02-19 18:46:13.767] [DEBUG] ========== SEARCH ENDPOINT FINISHED ==========
[2026-02-19 18:46:18.481] [INFO ] Validating token: eyJhbGciOiJIUzI1NiIs...
[2026-02-19 18:46:18.481] [DEBUG] Validating JWT token...
[2026-02-19 18:46:18.481] [INFO ] Token valid for user: admin (ID: 1)
[2026-02-19 18:46:18.481] [DEBUG] ========== SEARCH ENDPOINT CALLED ==========
[2026-02-19 18:46:18.481] [DEBUG] Query: 'хлеб ИЛИ молоко'
[2026-02-19 18:46:18.481] [DEBUG] Highlight: true
[2026-02-19 18:46:18.481] [DEBUG] User ID: 1
[2026-02-19 18:46:18.481] [DEBUG] Username: admin
[2026-02-19 18:46:18.481] [DEBUG] Calling db->searchTodos...
[2026-02-19 18:46:18.481] [DEBUG] FTS returned no results, using fallback search
[2026-02-19 18:46:18.481] [DEBUG] db->searchTodos returned 0 results
[2026-02-19 18:46:18.481] [DEBUG] JSON response length: 63
[2026-02-19 18:46:18.481] [DEBUG] JSON preview: {"query":"хлеб ИЛИ молоко","count":0,"results":[]}
[2026-02-19 18:46:18.481] [DEBUG] Response sent successfully
[2026-02-19 18:46:18.481] [DEBUG] ========== SEARCH ENDPOINT FINISHED ==========
[2026-02-19 18:46:21.907] [INFO ] Validating token: eyJhbGciOiJIUzI1NiIs...
[2026-02-19 18:46:21.907] [DEBUG] Validating JWT token...
[2026-02-19 18:46:21.907] [INFO ] Token valid for user: admin (ID: 1)
[2026-02-19 18:46:21.907] [DEBUG] ========== SEARCH ENDPOINT CALLED ==========
[2026-02-19 18:46:21.907] [DEBUG] Query: 'хлеб OR молоко'
[2026-02-19 18:46:21.907] [DEBUG] Highlight: true
[2026-02-19 18:46:21.907] [DEBUG] User ID: 1
[2026-02-19 18:46:21.907] [DEBUG] Username: admin
[2026-02-19 18:46:21.907] [DEBUG] Calling db->searchTodos...
[2026-02-19 18:46:21.908] [DEBUG] FTS returned no results, using fallback search
[2026-02-19 18:46:21.908] [DEBUG] db->searchTodos returned 0 results
[2026-02-19 18:46:21.908] [DEBUG] JSON response length: 59
[2026-02-19 18:46:21.908] [DEBUG] JSON preview: {"query":"хлеб OR молоко","count":0,"results":[]}
[2026-02-19 18:46:21.908] [DEBUG] Response sent successfully
[2026-02-19 18:46:21.908] [DEBUG] ========== SEARCH ENDPOINT FINISHED ==========
[2026-02-19 18:46:23.861] [INFO ] Validating token: eyJhbGciOiJIUzI1NiIs...
[2026-02-19 18:46:23.861] [DEBUG] Validating JWT token...
[2026-02-19 18:46:23.861] [INFO ] Token valid for user: admin (ID: 1)
[2026-02-19 18:46:23.861] [DEBUG] ========== SEARCH ENDPOINT CALLED ==========
[2026-02-19 18:46:23.861] [DEBUG] Query: 'хлеб OR молоко'
[2026-02-19 18:46:23.861] [DEBUG] Highlight: true
[2026-02-19 18:46:23.861] [DEBUG] User ID: 1
[2026-02-19 18:46:23.861] [DEBUG] Username: admin
[2026-02-19 18:46:23.861] [DEBUG] Calling db->searchTodos...
[2026-02-19 18:46:23.862] [DEBUG] FTS returned no results, using fallback search
[2026-02-19 18:46:23.862] [DEBUG] db->searchTodos returned 0 results
[2026-02-19 18:46:23.862] [DEBUG] JSON response length: 59
[2026-02-19 18:46:23.862] [DEBUG] JSON preview: {"query":"хлеб OR молоко","count":0,"results":[]}
[2026-02-19 18:46:23.862] [DEBUG] Response sent successfully
[2026-02-19 18:46:23.862] [DEBUG] ========== SEARCH ENDPOINT FINISHED ==========
[2026-02-19 18:53:00.375] [ERROR] SQL error: bad parameter or other API misuse
[2026-02-19 18:53:00.376] [INFO ] Database opened: todo_app.db
[2026-02-19 18:53:00.376] [DEBUG] Tables created/checked
[2026-02-19 18:53:00.376] [DEBUG] Tables created/checked
[2026-02-19 18:53:00.376] [DEBUG] Tables created/checked
[2026-02-19 18:53:00.376] [DEBUG] Tables created/checked
[2026-02-19 18:53:00.379] [DEBUG] FTS table populated with existing data
[2026-02-19 18:53:00.380] [INFO ] Server running on http://localhost:8080
[2026-02-19 18:53:04.720] [INFO ] Loaded frontend from: frontend.html
[2026-02-19 18:53:04.769] [INFO ] Validating token: eyJhbGciOiJIUzI1NiIs...
[2026-02-19 18:53:04.769] [DEBUG] Validating JWT token...
[2026-02-19 18:53:04.770] [INFO ] Token valid for user: admin (ID: 1)
[2026-02-19 18:53:04.793] [INFO ] Validating token: eyJhbGciOiJIUzI1NiIs...
[2026-02-19 18:53:04.793] [DEBUG] Validating JWT token...
[2026-02-19 18:53:04.793] [INFO ] Token valid for user: admin (ID: 1)
[2026-02-19 18:53:04.794] [INFO ] Validating token: eyJhbGciOiJIUzI1NiIs...
[2026-02-19 18:53:04.794] [DEBUG] Validating JWT token...
[2026-02-19 18:53:04.794] [INFO ] Token valid for user: admin (ID: 1)
[2026-02-19 18:53:04.794] [INFO ] Validating token: eyJhbGciOiJIUzI1NiIs...
[2026-02-19 18:53:04.794] [DEBUG] Validating JWT token...
[2026-02-19 18:53:04.794] [INFO ] Token valid for user: admin (ID: 1)
[2026-02-19 18:53:04.795] [INFO ] Validating token: eyJhbGciOiJIUzI1NiIs...
[2026-02-19 18:53:04.795] [DEBUG] Validating JWT token...
[2026-02-19 18:53:04.795] [INFO ] Token valid for user: admin (ID: 1)
[2026-02-19 18:53:07.592] [INFO ] Validating token: eyJhbGciOiJIUzI1NiIs...
[2026-02-19 18:53:07.592] [DEBUG] Validating JWT token...
[2026-02-19 18:53:07.593] [INFO ] Token valid for user: admin (ID: 1)
[2026-02-19 18:53:07.593] [DEBUG] ========== SEARCH ENDPOINT CALLED ==========
[2026-02-19 18:53:07.593] [DEBUG] Query: 'хлеб OR молоко'
[2026-02-19 18:53:07.593] [DEBUG] Highlight: true
[2026-02-19 18:53:07.593] [DEBUG] User ID: 1
[2026-02-19 18:53:07.593] [DEBUG] Username: admin
[2026-02-19 18:53:07.593] [DEBUG] Calling db->searchTodos...
[2026-02-19 18:53:07.593] [DEBUG] FTS returned no results, using fallback search
[2026-02-19 18:53:07.593] [DEBUG] db->searchTodos returned 0 results
[2026-02-19 18:53:07.593] [DEBUG] JSON response length: 59
[2026-02-19 18:53:07.593] [DEBUG] JSON preview: {"query":"хлеб OR молоко","count":0,"results":[]}
[2026-02-19 18:53:07.593] [DEBUG] Response sent successfully
[2026-02-19 18:53:07.593] [DEBUG] ========== SEARCH ENDPOINT FINISHED ==========
[2026-02-19 18:53:10.135] [INFO ] Validating token: eyJhbGciOiJIUzI1NiIs...
[2026-02-19 18:53:10.135] [DEBUG] Validating JWT token...
[2026-02-19 18:53:10.135] [INFO ] Token valid for user: admin (ID: 1)
[2026-02-19 18:53:10.135] [DEBUG] ========== SEARCH ENDPOINT CALLED ==========
[2026-02-19 18:53:10.135] [DEBUG] Query: 'хлеб OR молоко'
[2026-02-19 18:53:10.135] [DEBUG] Highlight: true
[2026-02-19 18:53:10.135] [DEBUG] User ID: 1
[2026-02-19 18:53:10.135] [DEBUG] Username: admin
[2026-02-19 18:53:10.135] [DEBUG] Calling db->searchTodos...
[2026-02-19 18:53:10.135] [DEBUG] FTS returned no results, using fallback search
[2026-02-19 18:53:10.135] [DEBUG] db->searchTodos returned 0 results
[2026-02-19 18:53:10.135] [DEBUG] JSON response length: 59
[2026-02-19 18:53:10.135] [DEBUG] JSON preview: {"query":"хлеб OR молоко","count":0,"results":[]}
[2026-02-19 18:53:10.135] [DEBUG] Response sent successfully
[2026-02-19 18:53:10.135] [DEBUG] ========== SEARCH ENDPOINT FINISHED ==========
[2026-02-19 18:55:29.079] [ERROR] SQL error: bad parameter or other API misuse
[2026-02-19 18:55:29.079] [INFO ] Database opened: todo_app.db
[2026-02-19 18:55:29.079] [DEBUG] Tables created/checked
[2026-02-19 18:55:29.079] [DEBUG] Tables created/checked
[2026-02-19 18:55:29.079] [DEBUG] Tables created/checked
[2026-02-19 18:55:29.079] [DEBUG] Tables created/checked
[2026-02-19 18:55:29.086] [DEBUG] FTS table populated with existing data
[2026-02-19 18:55:29.086] [INFO ] Server running on http://localhost:8080
[2026-02-19 18:55:31.306] [INFO ] Loaded frontend from: frontend.html
[2026-02-19 18:55:31.358] [INFO ] Validating token: eyJhbGciOiJIUzI1NiIs...
[2026-02-19 18:55:31.358] [DEBUG] Validating JWT token...
[2026-02-19 18:55:31.358] [INFO ] Token valid for user: admin (ID: 1)
[2026-02-19 18:55:31.364] [INFO ] Validating token: eyJhbGciOiJIUzI1NiIs...
[2026-02-19 18:55:31.364] [DEBUG] Validating JWT token...
[2026-02-19 18:55:31.364] [INFO ] Token valid for user: admin (ID: 1)
[2026-02-19 18:55:31.365] [INFO ] Validating token: eyJhbGciOiJIUzI1NiIs...
[2026-02-19 18:55:31.365] [DEBUG] Validating JWT token...
[2026-02-19 18:55:31.365] [INFO ] Token valid for user: admin (ID: 1)
[2026-02-19 18:55:31.378] [INFO ] Validating token: eyJhbGciOiJIUzI1NiIs...
[2026-02-19 18:55:31.378] [DEBUG] Validating JWT token...
[2026-02-19 18:55:31.378] [INFO ] Token valid for user: admin (ID: 1)
[2026-02-19 18:55:31.379] [INFO ] Validating token: eyJhbGciOiJIUzI1NiIs...
[2026-02-19 18:55:31.379] [DEBUG] Validating JWT token...
[2026-02-19 18:55:31.379] [INFO ] Token valid for user: admin (ID: 1)
[2026-02-19 18:55:32.455] [INFO ] Loaded frontend from: frontend.html
[2026-02-19 18:55:32.502] [INFO ] Validating token: eyJhbGciOiJIUzI1NiIs...
[2026-02-19 18:55:32.502] [DEBUG] Validating JWT token...
[2026-02-19 18:55:32.503] [INFO ] Token valid for user: admin (ID: 1)
[2026-02-19 18:55:32.518] [INFO ] Validating token: eyJhbGciOiJIUzI1NiIs...
[2026-02-19 18:55:32.518] [DEBUG] Validating JWT token...
[2026-02-19 18:55:32.518] [INFO ] Token valid for user: admin (ID: 1)
[2026-02-19 18:55:32.518] [INFO ] Validating token: eyJhbGciOiJIUzI1NiIs...
[2026-02-19 18:55:32.518] [DEBUG] Validating JWT token...
[2026-02-19 18:55:32.518] [INFO ] Token valid for user: admin (ID: 1)
[2026-02-19 18:55:32.519] [INFO ] Validating token: eyJhbGciOiJIUzI1NiIs...
[2026-02-19 18:55:32.519] [DEBUG] Validating JWT token...
[2026-02-19 18:55:32.519] [INFO ] Token valid for user: admin (ID: 1)
[2026-02-19 18:55:32.520] [INFO ] Validating token: eyJhbGciOiJIUzI1NiIs...
[2026-02-19 18:55:32.520] [DEBUG] Validating JWT token...
[2026-02-19 18:55:32.520] [INFO ] Token valid for user: admin (ID: 1)
[2026-02-19 18:55:35.871] [INFO ] Validating token: eyJhbGciOiJIUzI1NiIs...
[2026-02-19 18:55:35.871] [DEBUG] Validating JWT token...
[2026-02-19 18:55:35.871] [INFO ] Token valid for user: admin (ID: 1)
[2026-02-19 18:55:35.871] [DEBUG] ========== SEARCH ENDPOINT CALLED ==========
[2026-02-19 18:55:35.871] [DEBUG] Query: 'хлеб OR молоко'
[2026-02-19 18:55:35.871] [DEBUG] Highlight: true
[2026-02-19 18:55:35.871] [DEBUG] User ID: 1
[2026-02-19 18:55:35.871] [DEBUG] Username: admin
[2026-02-19 18:55:35.872] [DEBUG] Calling db->searchTodos...
[2026-02-19 18:55:35.872] [DEBUG] db->searchTodos returned 0 results
[2026-02-19 18:55:35.872] [DEBUG] JSON response length: 59
[2026-02-19 18:55:35.872] [DEBUG] JSON preview: {"query":"хлеб OR молоко","count":0,"results":[]}
[2026-02-19 18:55:35.872] [DEBUG] Response sent successfully
[2026-02-19 18:55:35.872] [DEBUG] ========== SEARCH ENDPOINT FINISHED ==========
[2026-02-19 18:55:38.531] [INFO ] Validating token: eyJhbGciOiJIUzI1NiIs...
[2026-02-19 18:55:38.531] [DEBUG] Validating JWT token...
[2026-02-19 18:55:38.531] [INFO ] Token valid for user: admin (ID: 1)
[2026-02-19 18:55:38.531] [DEBUG] ========== SEARCH ENDPOINT CALLED ==========
[2026-02-19 18:55:38.531] [DEBUG] Query: 'хлеб OR молоко'
[2026-02-19 18:55:38.531] [DEBUG] Highlight: true
[2026-02-19 18:55:38.531] [DEBUG] User ID: 1
[2026-02-19 18:55:38.531] [DEBUG] Username: admin
[2026-02-19 18:55:38.531] [DEBUG] Calling db->searchTodos...
[2026-02-19 18:55:38.531] [DEBUG] db->searchTodos returned 0 results
[2026-02-19 18:55:38.531] [DEBUG] JSON response length: 59
[2026-02-19 18:55:38.531] [DEBUG] JSON preview: {"query":"хлеб OR молоко","count":0,"results":[]}
[2026-02-19 18:55:38.531] [DEBUG] Response sent successfully
[2026-02-19 18:55:38.531] [DEBUG] ========== SEARCH ENDPOINT FINISHED ==========
[2026-02-19 18:55:39.048] [INFO ] Validating token: eyJhbGciOiJIUzI1NiIs...
[2026-02-19 18:55:39.048] [DEBUG] Validating JWT token...
[2026-02-19 18:55:39.048] [INFO ] Token valid for user: admin (ID: 1)
[2026-02-19 18:55:39.048] [DEBUG] ========== SEARCH ENDPOINT CALLED ==========
[2026-02-19 18:55:39.048] [DEBUG] Query: 'хлеб OR молоко'
[2026-02-19 18:55:39.048] [DEBUG] Highlight: true
[2026-02-19 18:55:39.048] [DEBUG] User ID: 1
[2026-02-19 18:55:39.048] [DEBUG] Username: admin
[2026-02-19 18:55:39.048] [DEBUG] Calling db->searchTodos...
[2026-02-19 18:55:39.048] [DEBUG] db->searchTodos returned 0 results
[2026-02-19 18:55:39.048] [DEBUG] JSON response length: 59
[2026-02-19 18:55:39.048] [DEBUG] JSON preview: {"query":"хлеб OR молоко","count":0,"results":[]}
[2026-02-19 18:55:39.048] [DEBUG] Response sent successfully
[2026-02-19 18:55:39.048] [DEBUG] ========== SEARCH ENDPOINT FINISHED ==========
[2026-02-19 18:58:10.568] [ERROR] SQL error: bad parameter or other API misuse
[2026-02-19 18:58:10.568] [INFO ] Database opened: todo_app.db
[2026-02-19 18:58:10.569] [DEBUG] Tables created/checked
[2026-02-19 18:58:10.569] [DEBUG] Tables created/checked
[2026-02-19 18:58:10.569] [DEBUG] Tables created/checked
[2026-02-19 18:58:10.569] [DEBUG] Tables created/checked
[2026-02-19 18:58:10.573] [DEBUG] FTS table populated with existing data
[2026-02-19 18:58:10.574] [INFO ] Server running on http://localhost:8080
[2026-02-19 18:58:14.324] [INFO ] Loaded frontend from: frontend.html
[2026-02-19 18:58:14.388] [INFO ] Validating token: eyJhbGciOiJIUzI1NiIs...
[2026-02-19 18:58:14.388] [DEBUG] Validating JWT token...
[2026-02-19 18:58:14.388] [INFO ] Token valid for user: admin (ID: 1)
[2026-02-19 18:58:14.394] [INFO ] Validating token: eyJhbGciOiJIUzI1NiIs...
[2026-02-19 18:58:14.394] [DEBUG] Validating JWT token...
[2026-02-19 18:58:14.394] [INFO ] Token valid for user: admin (ID: 1)
[2026-02-19 18:58:14.400] [INFO ] Validating token: eyJhbGciOiJIUzI1NiIs...
[2026-02-19 18:58:14.401] [DEBUG] Validating JWT token...
[2026-02-19 18:58:14.401] [INFO ] Token valid for user: admin (ID: 1)
[2026-02-19 18:58:14.404] [INFO ] Validating token: eyJhbGciOiJIUzI1NiIs...
[2026-02-19 18:58:14.404] [DEBUG] Validating JWT token...
[2026-02-19 18:58:14.404] [INFO ] Token valid for user: admin (ID: 1)
[2026-02-19 18:58:14.405] [INFO ] Validating token: eyJhbGciOiJIUzI1NiIs...
[2026-02-19 18:58:14.405] [DEBUG] Validating JWT token...
[2026-02-19 18:58:14.406] [INFO ] Token valid for user: admin (ID: 1)
[2026-02-19 18:58:17.938] [INFO ] Validating token: eyJhbGciOiJIUzI1NiIs...
[2026-02-19 18:58:17.938] [DEBUG] Validating JWT token...
[2026-02-19 18:58:17.938] [INFO ] Token valid for user: admin (ID: 1)
[2026-02-19 18:58:17.938] [DEBUG] ========== SEARCH ENDPOINT CALLED ==========
[2026-02-19 18:58:17.938] [DEBUG] Query: 'хлеб OR молоко'
[2026-02-19 18:58:17.938] [DEBUG] Highlight: true
[2026-02-19 18:58:17.938] [DEBUG] User ID: 1
[2026-02-19 18:58:17.938] [DEBUG] Username: admin
[2026-02-19 18:58:17.938] [DEBUG] Calling db->searchTodos...
[2026-02-19 18:58:17.938] [DEBUG] db->searchTodos returned 0 results
[2026-02-19 18:58:17.938] [DEBUG] JSON response length: 59
[2026-02-19 18:58:17.938] [DEBUG] JSON preview: {"query":"хлеб OR молоко","count":0,"results":[]}
[2026-02-19 18:58:17.939] [DEBUG] Response sent successfully
[2026-02-19 18:58:17.939] [DEBUG] ========== SEARCH ENDPOINT FINISHED ==========
[2026-02-19 18:58:20.364] [INFO ] Validating token: eyJhbGciOiJIUzI1NiIs...
[2026-02-19 18:58:20.364] [DEBUG] Validating JWT token...
[2026-02-19 18:58:20.364] [INFO ] Token valid for user: admin (ID: 1)
[2026-02-19 18:58:20.364] [DEBUG] ========== SEARCH ENDPOINT CALLED ==========
[2026-02-19 18:58:20.364] [DEBUG] Query: 'хлеб OR молоко'
[2026-02-19 18:58:20.364] [DEBUG] Highlight: true
[2026-02-19 18:58:20.364] [DEBUG] User ID: 1
[2026-02-19 18:58:20.364] [DEBUG] Username: admin
[2026-02-19 18:58:20.364] [DEBUG] Calling db->searchTodos...
[2026-02-19 18:58:20.365] [DEBUG] db->searchTodos returned 0 results
[2026-02-19 18:58:20.365] [DEBUG] JSON response length: 59
[2026-02-19 18:58:20.365] [DEBUG] JSON preview: {"query":"хлеб OR молоко","count":0,"results":[]}
[2026-02-19 18:58:20.365] [DEBUG] Response sent successfully
[2026-02-19 18:58:20.365] [DEBUG] ========== SEARCH ENDPOINT FINISHED ==========
[2026-02-19 18:58:21.026] [INFO ] Validating token: eyJhbGciOiJIUzI1NiIs...
[2026-02-19 18:58:21.026] [DEBUG] Validating JWT token...
[2026-02-19 18:58:21.026] [INFO ] Token valid for user: admin (ID: 1)
[2026-02-19 18:58:21.026] [DEBUG] ========== SEARCH ENDPOINT CALLED ==========
[2026-02-19 18:58:21.026] [DEBUG] Query: 'хлеб OR молоко'
[2026-02-19 18:58:21.026] [DEBUG] Highlight: true
[2026-02-19 18:58:21.026] [DEBUG] User ID: 1
[2026-02-19 18:58:21.026] [DEBUG] Username: admin
[2026-02-19 18:58:21.026] [DEBUG] Calling db->searchTodos...
[2026-02-19 18:58:21.027] [DEBUG] db->searchTodos returned 0 results
[2026-02-19 18:58:21.027] [DEBUG] JSON response length: 59
[2026-02-19 18:58:21.027] [DEBUG] JSON preview: {"query":"хлеб OR молоко","count":0,"results":[]}
[2026-02-19 18:58:21.027] [DEBUG] Response sent successfully
[2026-02-19 18:58:21.027] [DEBUG] ========== SEARCH ENDPOINT FINISHED ==========
[2026-02-19 19:12:03.001] [ERROR] SQL error: bad parameter or other API misuse
[2026-02-19 19:12:03.002] [INFO ] Database opened: todo_app.db
[2026-02-19 19:12:03.006] [DEBUG] Tables created/checked
[2026-02-19 19:12:03.010] [DEBUG] Tables created/checked
[2026-02-19 19:12:03.013] [DEBUG] Tables created/checked
[2026-02-19 19:12:03.018] [DEBUG] Tables created/checked
[2026-02-19 19:12:03.018] [DEBUG] FTS table not found, creating...
[2026-02-19 19:12:03.021] [DEBUG] FTS table created
[2026-02-19 19:12:03.022] [DEBUG] FTS table populated with existing data
[2026-02-19 19:12:03.024] [INFO ] User registered: admin (ID: 1)
[2026-02-19 19:12:03.024] [INFO ] Created default user: admin/admin123
[2026-02-19 19:12:03.024] [INFO ] Server running on http://localhost:8080
[2026-02-19 19:24:13.350] [ERROR] SQL error: bad parameter or other API misuse
[2026-02-19 19:24:13.350] [INFO ] Database opened: todo_app.db
[2026-02-19 19:24:13.358] [DEBUG] Tables created/checked
[2026-02-19 19:24:13.361] [DEBUG] Tables created/checked
[2026-02-19 19:24:13.365] [DEBUG] Tables created/checked
[2026-02-19 19:24:13.371] [DEBUG] Tables created/checked
[2026-02-19 19:24:13.375] [INFO ] FTS table recreated and populated
[2026-02-19 19:24:13.377] [INFO ] User registered: admin (ID: 1)
[2026-02-19 19:24:13.377] [INFO ] Created default user: admin/admin123
[2026-02-19 19:24:13.377] [INFO ] Server running on http://localhost:8080
[2026-02-19 19:24:21.262] [INFO ] Loaded frontend from: frontend.html
[2026-02-19 19:24:21.437] [INFO ] Validating token: eyJhbGciOiJIUzI1NiIs...
[2026-02-19 19:24:21.437] [DEBUG] Validating JWT token...
[2026-02-19 19:24:21.437] [INFO ] Token valid for user: admin (ID: 1)
[2026-02-19 19:24:21.448] [INFO ] Validating token: eyJhbGciOiJIUzI1NiIs...
[2026-02-19 19:24:21.448] [DEBUG] Validating JWT token...
[2026-02-19 19:24:21.448] [INFO ] Token valid for user: admin (ID: 1)
[2026-02-19 19:24:21.451] [INFO ] Validating token: eyJhbGciOiJIUzI1NiIs...
[2026-02-19 19:24:21.451] [DEBUG] Validating JWT token...
[2026-02-19 19:24:21.451] [INFO ] Token valid for user: admin (ID: 1)
[2026-02-19 19:24:21.455] [INFO ] Validating token: eyJhbGciOiJIUzI1NiIs...
[2026-02-19 19:24:21.455] [DEBUG] Validating JWT token...
[2026-02-19 19:24:21.455] [INFO ] Token valid for user: admin (ID: 1)
[2026-02-19 19:24:21.461] [INFO ] Validating token: eyJhbGciOiJIUzI1NiIs...
[2026-02-19 19:24:21.461] [DEBUG] Validating JWT token...
[2026-02-19 19:24:21.461] [INFO ] Token valid for user: admin (ID: 1)
[2026-02-19 19:24:30.106] [INFO ] Validating token: eyJhbGciOiJIUzI1NiIs...
[2026-02-19 19:24:30.106] [DEBUG] Validating JWT token...
[2026-02-19 19:24:30.107] [INFO ] Token valid for user: admin (ID: 1)
[2026-02-19 19:24:30.114] [INFO ] Todo created for user 'admin', ID: 1
[2026-02-19 19:24:30.118] [INFO ] Validating token: eyJhbGciOiJIUzI1NiIs...
[2026-02-19 19:24:30.118] [DEBUG] Validating JWT token...
[2026-02-19 19:24:30.118] [INFO ] Token valid for user: admin (ID: 1)
[2026-02-19 19:24:30.121] [INFO ] Validating token: eyJhbGciOiJIUzI1NiIs...
[2026-02-19 19:24:30.121] [DEBUG] Validating JWT token...
[2026-02-19 19:24:30.121] [INFO ] Token valid for user: admin (ID: 1)
[2026-02-19 19:24:34.426] [INFO ] Validating token: eyJhbGciOiJIUzI1NiIs...
[2026-02-19 19:24:34.426] [DEBUG] Validating JWT token...
[2026-02-19 19:24:34.427] [INFO ] Token valid for user: admin (ID: 1)
[2026-02-19 19:24:34.435] [INFO ] Todo created for user 'admin', ID: 2
[2026-02-19 19:24:34.445] [INFO ] Validating token: eyJhbGciOiJIUzI1NiIs...
[2026-02-19 19:24:34.445] [DEBUG] Validating JWT token...
[2026-02-19 19:24:34.445] [INFO ] Token valid for user: admin (ID: 1)
[2026-02-19 19:24:34.450] [INFO ] Validating token: eyJhbGciOiJIUzI1NiIs...
[2026-02-19 19:24:34.450] [DEBUG] Validating JWT token...
[2026-02-19 19:24:34.450] [INFO ] Token valid for user: admin (ID: 1)
[2026-02-19 19:24:39.914] [INFO ] Validating token: eyJhbGciOiJIUzI1NiIs...
[2026-02-19 19:24:39.914] [DEBUG] Validating JWT token...
[2026-02-19 19:24:39.914] [INFO ] Token valid for user: admin (ID: 1)
[2026-02-19 19:24:39.914] [DEBUG] ========== SEARCH ENDPOINT CALLED ==========
[2026-02-19 19:24:39.914] [DEBUG] Query: 'ryd'
[2026-02-19 19:24:39.914] [DEBUG] Highlight: true
[2026-02-19 19:24:39.914] [DEBUG] User ID: 1
[2026-02-19 19:24:39.914] [DEBUG] Username: admin
[2026-02-19 19:24:39.914] [DEBUG] Calling db->searchTodos...
[2026-02-19 19:24:39.915] [DEBUG] db->searchTodos returned 1 results
[2026-02-19 19:24:39.915] [DEBUG] First result: ID=1, title='sfddy ryd'
[2026-02-19 19:24:39.915] [DEBUG] JSON response length: 268
[2026-02-19 19:24:39.915] [DEBUG] JSON preview: {"query":"ryd","count":1,"results":[{"id":1,"title":"sfddy ryd","description":"rdr yfyry","completed":false,"created_at":"2026-02-19 16:24:30","priority":1,"due_date":"","category_id":0,"user_id":1,"t
[2026-02-19 19:24:39.915] [DEBUG] Response sent successfully
[2026-02-19 19:24:39.915] [DEBUG] ========== SEARCH ENDPOINT FINISHED ==========
[2026-02-19 19:24:46.510] [INFO ] Validating token: eyJhbGciOiJIUzI1NiIs...
[2026-02-19 19:24:46.510] [DEBUG] Validating JWT token...
[2026-02-19 19:24:46.510] [INFO ] Token valid for user: admin (ID: 1)
[2026-02-19 19:24:46.510] [DEBUG] ========== SEARCH ENDPOINT CALLED ==========
[2026-02-19 19:24:46.510] [DEBUG] Query: 'reyy'
[2026-02-19 19:24:46.510] [DEBUG] Highlight: true
[2026-02-19 19:24:46.510] [DEBUG] User ID: 1
[2026-02-19 19:24:46.510] [DEBUG] Username: admin
[2026-02-19 19:24:46.510] [DEBUG] Calling db->searchTodos...
[2026-02-19 19:24:46.510] [DEBUG] db->searchTodos returned 1 results
[2026-02-19 19:24:46.510] [DEBUG] First result: ID=2, title='reyy'
[2026-02-19 19:24:46.510] [DEBUG] JSON response length: 262
[2026-02-19 19:24:46.510] [DEBUG] JSON preview: {"query":"reyy","count":1,"results":[{"id":2,"title":"reyy","description":"reyy","completed":false,"created_at":"2026-02-19 16:24:34","priority":1,"due_date":"","category_id":0,"user_id":1,"title_snip
[2026-02-19 19:24:46.510] [DEBUG] Response sent successfully
[2026-02-19 19:24:46.510] [DEBUG] ========== SEARCH ENDPOINT FINISHED ==========
[2026-02-19 19:24:52.787] [INFO ] Validating token: eyJhbGciOiJIUzI1NiIs...
[2026-02-19 19:24:52.787] [DEBUG] Validating JWT token...
[2026-02-19 19:24:52.787] [INFO ] Token valid for user: admin (ID: 1)
[2026-02-19 19:24:52.794] [INFO ] Todo created for user 'admin', ID: 3
[2026-02-19 19:24:52.802] [INFO ] Validating token: eyJhbGciOiJIUzI1NiIs...
[2026-02-19 19:24:52.802] [DEBUG] Validating JWT token...
[2026-02-19 19:24:52.802] [INFO ] Token valid for user: admin (ID: 1)
[2026-02-19 19:24:52.806] [INFO ] Validating token: eyJhbGciOiJIUzI1NiIs...
[2026-02-19 19:24:52.806] [DEBUG] Validating JWT token...
[2026-02-19 19:24:52.806] [INFO ] Token valid for user: admin (ID: 1)
[2026-02-19 19:24:56.645] [INFO ] Validating token: eyJhbGciOiJIUzI1NiIs...
[2026-02-19 19:24:56.645] [DEBUG] Validating JWT token...
[2026-02-19 19:24:56.645] [INFO ] Token valid for user: admin (ID: 1)
[2026-02-19 19:24:56.654] [INFO ] Todo created for user 'admin', ID: 4
[2026-02-19 19:24:56.662] [INFO ] Validating token: eyJhbGciOiJIUzI1NiIs...
[2026-02-19 19:24:56.662] [DEBUG] Validating JWT token...
[2026-02-19 19:24:56.662] [INFO ] Token valid for user: admin (ID: 1)
[2026-02-19 19:24:56.665] [INFO ] Validating token: eyJhbGciOiJIUzI1NiIs...
[2026-02-19 19:24:56.666] [DEBUG] Validating JWT token...
[2026-02-19 19:24:56.666] [INFO ] Token valid for user: admin (ID: 1)
[2026-02-19 19:25:04.540] [INFO ] Validating token: eyJhbGciOiJIUzI1NiIs...
[2026-02-19 19:25:04.540] [DEBUG] Validating JWT token...
[2026-02-19 19:25:04.540] [INFO ] Token valid for user: admin (ID: 1)
[2026-02-19 19:25:04.540] [DEBUG] ========== SEARCH ENDPOINT CALLED ==========
[2026-02-19 19:25:04.540] [DEBUG] Query: 'молоко'
[2026-02-19 19:25:04.540] [DEBUG] Highlight: true
[2026-02-19 19:25:04.540] [DEBUG] User ID: 1
[2026-02-19 19:25:04.540] [DEBUG] Username: admin
[2026-02-19 19:25:04.540] [DEBUG] Calling db->searchTodos...
[2026-02-19 19:25:04.541] [ERROR] EXCEPTION in searchTodos: wstring_convert::from_bytes
[2026-02-19 19:25:04.541] [DEBUG] JSON response length: 47
[2026-02-19 19:25:04.541] [DEBUG] JSON preview: {"query":"молоко","count":0,"results":[]}
[2026-02-19 19:25:04.541] [DEBUG] Response sent successfully
[2026-02-19 19:25:04.541] [DEBUG] ========== SEARCH ENDPOINT FINISHED ==========
[2026-02-19 19:25:05.283] [INFO ] Validating token: eyJhbGciOiJIUzI1NiIs...
[2026-02-19 19:25:05.283] [DEBUG] Validating JWT token...
[2026-02-19 19:25:05.283] [INFO ] Token valid for user: admin (ID: 1)
[2026-02-19 19:25:05.283] [DEBUG] ========== SEARCH ENDPOINT CALLED ==========
[2026-02-19 19:25:05.283] [DEBUG] Query: 'молоко'
[2026-02-19 19:25:05.283] [DEBUG] Highlight: true
[2026-02-19 19:25:05.283] [DEBUG] User ID: 1
[2026-02-19 19:25:05.283] [DEBUG] Username: admin
[2026-02-19 19:25:05.283] [DEBUG] Calling db->searchTodos...
[2026-02-19 19:25:05.284] [ERROR] EXCEPTION in searchTodos: wstring_convert::from_bytes
[2026-02-19 19:25:05.284] [DEBUG] JSON response length: 47
[2026-02-19 19:25:05.284] [DEBUG] JSON preview: {"query":"молоко","count":0,"results":[]}
[2026-02-19 19:25:05.284] [DEBUG] Response sent successfully
[2026-02-19 19:25:05.284] [DEBUG] ========== SEARCH ENDPOINT FINISHED ==========
[2026-02-19 19:25:05.671] [INFO ] Validating token: eyJhbGciOiJIUzI1NiIs...
[2026-02-19 19:25:05.671] [DEBUG] Validating JWT token...
[2026-02-19 19:25:05.671] [INFO ] Token valid for user: admin (ID: 1)
[2026-02-19 19:25:05.671] [DEBUG] ========== SEARCH ENDPOINT CALLED ==========
[2026-02-19 19:25:05.671] [DEBUG] Query: 'молоко'
[2026-02-19 19:25:05.671] [DEBUG] Highlight: true
[2026-02-19 19:25:05.671] [DEBUG] User ID: 1
[2026-02-19 19:25:05.671] [DEBUG] Username: admin
[2026-02-19 19:25:05.671] [DEBUG] Calling db->searchTodos...
[2026-02-19 19:25:05.672] [ERROR] EXCEPTION in searchTodos: wstring_convert::from_bytes
[2026-02-19 19:25:05.672] [DEBUG] JSON response length: 47
[2026-02-19 19:25:05.672] [DEBUG] JSON preview: {"query":"молоко","count":0,"results":[]}
[2026-02-19 19:25:05.672] [DEBUG] Response sent successfully
[2026-02-19 19:25:05.672] [DEBUG] ========== SEARCH ENDPOINT FINISHED ==========
[2026-02-19 19:25:05.933] [INFO ] Validating token: eyJhbGciOiJIUzI1NiIs...
[2026-02-19 19:25:05.933] [DEBUG] Validating JWT token...
[2026-02-19 19:25:05.933] [INFO ] Token valid for user: admin (ID: 1)
[2026-02-19 19:25:05.933] [DEBUG] ========== SEARCH ENDPOINT CALLED ==========
[2026-02-19 19:25:05.933] [DEBUG] Query: 'молоко'
[2026-02-19 19:25:05.933] [DEBUG] Highlight: true
[2026-02-19 19:25:05.933] [DEBUG] User ID: 1
[2026-02-19 19:25:05.933] [DEBUG] Username: admin
[2026-02-19 19:25:05.933] [DEBUG] Calling db->searchTodos...
[2026-02-19 19:25:05.933] [ERROR] EXCEPTION in searchTodos: wstring_convert::from_bytes
[2026-02-19 19:25:05.933] [DEBUG] JSON response length: 47
[2026-02-19 19:25:05.933] [DEBUG] JSON preview: {"query":"молоко","count":0,"results":[]}
[2026-02-19 19:25:05.933] [DEBUG] Response sent successfully
[2026-02-19 19:25:05.933] [DEBUG] ========== SEARCH ENDPOINT FINISHED ==========
[2026-02-19 19:25:06.165] [INFO ] Validating token: eyJhbGciOiJIUzI1NiIs...
[2026-02-19 19:25:06.165] [DEBUG] Validating JWT token...
[2026-02-19 19:25:06.165] [INFO ] Token valid for user: admin (ID: 1)
[2026-02-19 19:25:06.165] [DEBUG] ========== SEARCH ENDPOINT CALLED ==========
[2026-02-19 19:25:06.165] [DEBUG] Query: 'молоко'
[2026-02-19 19:25:06.165] [DEBUG] Highlight: true
[2026-02-19 19:25:06.165] [DEBUG] User ID: 1
[2026-02-19 19:25:06.165] [DEBUG] Username: admin
[2026-02-19 19:25:06.165] [DEBUG] Calling db->searchTodos...
[2026-02-19 19:25:06.165] [ERROR] EXCEPTION in searchTodos: wstring_convert::from_bytes
[2026-02-19 19:25:06.165] [DEBUG] JSON response length: 47
[2026-02-19 19:25:06.165] [DEBUG] JSON preview: {"query":"молоко","count":0,"results":[]}
[2026-02-19 19:25:06.165] [DEBUG] Response sent successfully
[2026-02-19 19:25:06.165] [DEBUG] ========== SEARCH ENDPOINT FINISHED ==========
[2026-02-19 19:25:06.597] [INFO ] Validating token: eyJhbGciOiJIUzI1NiIs...
[2026-02-19 19:25:06.597] [DEBUG] Validating JWT token...
[2026-02-19 19:25:06.597] [INFO ] Token valid for user: admin (ID: 1)
[2026-02-19 19:25:06.597] [DEBUG] ========== SEARCH ENDPOINT CALLED ==========
[2026-02-19 19:25:06.597] [DEBUG] Query: 'молоко'
[2026-02-19 19:25:06.597] [DEBUG] Highlight: true
[2026-02-19 19:25:06.597] [DEBUG] User ID: 1
[2026-02-19 19:25:06.597] [DEBUG] Username: admin
[2026-02-19 19:25:06.597] [DEBUG] Calling db->searchTodos...
[2026-02-19 19:25:06.597] [ERROR] EXCEPTION in searchTodos: wstring_convert::from_bytes
[2026-02-19 19:25:06.597] [DEBUG] JSON response length: 47
[2026-02-19 19:25:06.597] [DEBUG] JSON preview: {"query":"молоко","count":0,"results":[]}
[2026-02-19 19:25:06.597] [DEBUG] Response sent successfully
[2026-02-19 19:25:06.597] [DEBUG] ========== SEARCH ENDPOINT FINISHED ==========
[2026-02-19 19:25:07.132] [INFO ] Validating token: eyJhbGciOiJIUzI1NiIs...
[2026-02-19 19:25:07.132] [DEBUG] Validating JWT token...
[2026-02-19 19:25:07.132] [INFO ] Token valid for user: admin (ID: 1)
[2026-02-19 19:25:07.132] [DEBUG] ========== SEARCH ENDPOINT CALLED ==========
[2026-02-19 19:25:07.132] [DEBUG] Query: 'молоко'
[2026-02-19 19:25:07.132] [DEBUG] Highlight: true
[2026-02-19 19:25:07.132] [DEBUG] User ID: 1
[2026-02-19 19:25:07.132] [DEBUG] Username: admin
[2026-02-19 19:25:07.132] [DEBUG] Calling db->searchTodos...
[2026-02-19 19:25:07.132] [ERROR] EXCEPTION in searchTodos: wstring_convert::from_bytes
[2026-02-19 19:25:07.132] [DEBUG] JSON response length: 47
[2026-02-19 19:25:07.132] [DEBUG] JSON preview: {"query":"молоко","count":0,"results":[]}
[2026-02-19 19:25:07.132] [DEBUG] Response sent successfully
[2026-02-19 19:25:07.132] [DEBUG] ========== SEARCH ENDPOINT FINISHED ==========
[2026-02-19 19:27:15.048] [ERROR] SQL error: bad parameter or other API misuse
[2026-02-19 19:27:15.049] [INFO ] Database opened: todo_app.db
[2026-02-19 19:27:15.053] [DEBUG] Tables created/checked
[2026-02-19 19:27:15.055] [DEBUG] Tables created/checked
[2026-02-19 19:27:15.057] [DEBUG] Tables created/checked
[2026-02-19 19:27:15.062] [DEBUG] Tables created/checked
[2026-02-19 19:27:15.065] [INFO ] FTS table recreated and populated
[2026-02-19 19:27:15.067] [INFO ] User registered: admin (ID: 1)
[2026-02-19 19:27:15.067] [INFO ] Created default user: admin/admin123
[2026-02-19 19:27:15.067] [INFO ] Server running on http://localhost:8080
[2026-02-19 19:27:18.606] [INFO ] Loaded frontend from: frontend.html
[2026-02-19 19:27:18.669] [INFO ] Validating token: eyJhbGciOiJIUzI1NiIs...
[2026-02-19 19:27:18.669] [DEBUG] Validating JWT token...
[2026-02-19 19:27:18.669] [INFO ] Token valid for user: admin (ID: 1)
[2026-02-19 19:27:18.681] [INFO ] Validating token: eyJhbGciOiJIUzI1NiIs...
[2026-02-19 19:27:18.681] [DEBUG] Validating JWT token...
[2026-02-19 19:27:18.681] [INFO ] Token valid for user: admin (ID: 1)
[2026-02-19 19:27:18.682] [INFO ] Validating token: eyJhbGciOiJIUzI1NiIs...
[2026-02-19 19:27:18.682] [DEBUG] Validating JWT token...
[2026-02-19 19:27:18.682] [INFO ] Token valid for user: admin (ID: 1)
[2026-02-19 19:27:18.682] [INFO ] Validating token: eyJhbGciOiJIUzI1NiIs...
[2026-02-19 19:27:18.682] [DEBUG] Validating JWT token...
[2026-02-19 19:27:18.682] [INFO ] Token valid for user: admin (ID: 1)
[2026-02-19 19:27:18.683] [INFO ] Validating token: eyJhbGciOiJIUzI1NiIs...
[2026-02-19 19:27:18.683] [DEBUG] Validating JWT token...
[2026-02-19 19:27:18.683] [INFO ] Token valid for user: admin (ID: 1)
[2026-02-19 19:27:22.716] [INFO ] Validating token: eyJhbGciOiJIUzI1NiIs...
[2026-02-19 19:27:22.716] [DEBUG] Validating JWT token...
[2026-02-19 19:27:22.716] [INFO ] Token valid for user: admin (ID: 1)
[2026-02-19 19:27:22.721] [INFO ] Todo created for user 'admin', ID: 1
[2026-02-19 19:27:22.729] [INFO ] Validating token: eyJhbGciOiJIUzI1NiIs...
[2026-02-19 19:27:22.729] [DEBUG] Validating JWT token...
[2026-02-19 19:27:22.729] [INFO ] Token valid for user: admin (ID: 1)
[2026-02-19 19:27:22.732] [INFO ] Validating token: eyJhbGciOiJIUzI1NiIs...
[2026-02-19 19:27:22.732] [DEBUG] Validating JWT token...
[2026-02-19 19:27:22.732] [INFO ] Token valid for user: admin (ID: 1)
[2026-02-19 19:27:24.927] [INFO ] Validating token: eyJhbGciOiJIUzI1NiIs...
[2026-02-19 19:27:24.927] [DEBUG] Validating JWT token...
[2026-02-19 19:27:24.927] [INFO ] Token valid for user: admin (ID: 1)
[2026-02-19 19:27:24.934] [INFO ] Todo created for user 'admin', ID: 2
[2026-02-19 19:27:24.937] [INFO ] Validating token: eyJhbGciOiJIUzI1NiIs...
[2026-02-19 19:27:24.937] [DEBUG] Validating JWT token...
[2026-02-19 19:27:24.938] [INFO ] Token valid for user: admin (ID: 1)
[2026-02-19 19:27:24.942] [INFO ] Validating token: eyJhbGciOiJIUzI1NiIs...
[2026-02-19 19:27:24.942] [DEBUG] Validating JWT token...
[2026-02-19 19:27:24.942] [INFO ] Token valid for user: admin (ID: 1)
[2026-02-19 19:27:33.198] [INFO ] Validating token: eyJhbGciOiJIUzI1NiIs...
[2026-02-19 19:27:33.199] [DEBUG] Validating JWT token...
[2026-02-19 19:27:33.199] [INFO ] Token valid for user: admin (ID: 1)
[2026-02-19 19:27:33.199] [DEBUG] ========== SEARCH ENDPOINT CALLED ==========
[2026-02-19 19:27:33.199] [DEBUG] Query: 'молоко'
[2026-02-19 19:27:33.199] [DEBUG] Highlight: true
[2026-02-19 19:27:33.199] [DEBUG] User ID: 1
[2026-02-19 19:27:33.199] [DEBUG] Username: admin
[2026-02-19 19:27:33.199] [DEBUG] Calling db->searchTodos...
[2026-02-19 19:27:33.202] [ERROR] EXCEPTION in searchTodos: wstring_convert::from_bytes
[2026-02-19 19:27:33.202] [DEBUG] JSON response length: 47
[2026-02-19 19:27:33.202] [DEBUG] JSON preview: {"query":"молоко","count":0,"results":[]}
[2026-02-19 19:27:33.202] [DEBUG] Response sent successfully
[2026-02-19 19:27:33.202] [DEBUG] ========== SEARCH ENDPOINT FINISHED ==========
[2026-02-19 19:27:33.861] [INFO ] Validating token: eyJhbGciOiJIUzI1NiIs...
[2026-02-19 19:27:33.861] [DEBUG] Validating JWT token...
[2026-02-19 19:27:33.861] [INFO ] Token valid for user: admin (ID: 1)
[2026-02-19 19:27:33.861] [DEBUG] ========== SEARCH ENDPOINT CALLED ==========
[2026-02-19 19:27:33.861] [DEBUG] Query: 'молоко'
[2026-02-19 19:27:33.861] [DEBUG] Highlight: true
[2026-02-19 19:27:33.861] [DEBUG] User ID: 1
[2026-02-19 19:27:33.861] [DEBUG] Username: admin
[2026-02-19 19:27:33.861] [DEBUG] Calling db->searchTodos...
[2026-02-19 19:27:33.861] [ERROR] EXCEPTION in searchTodos: wstring_convert::from_bytes
[2026-02-19 19:27:33.861] [DEBUG] JSON response length: 47
[2026-02-19 19:27:33.861] [DEBUG] JSON preview: {"query":"молоко","count":0,"results":[]}
[2026-02-19 19:27:33.861] [DEBUG] Response sent successfully
[2026-02-19 19:27:33.861] [DEBUG] ========== SEARCH ENDPOINT FINISHED ==========
[2026-02-19 19:27:34.311] [INFO ] Validating token: eyJhbGciOiJIUzI1NiIs...
[2026-02-19 19:27:34.311] [DEBUG] Validating JWT token...
[2026-02-19 19:27:34.311] [INFO ] Token valid for user: admin (ID: 1)
[2026-02-19 19:27:34.311] [DEBUG] ========== SEARCH ENDPOINT CALLED ==========
[2026-02-19 19:27:34.311] [DEBUG] Query: 'молоко'
[2026-02-19 19:27:34.311] [DEBUG] Highlight: true
[2026-02-19 19:27:34.311] [DEBUG] User ID: 1
[2026-02-19 19:27:34.311] [DEBUG] Username: admin
[2026-02-19 19:27:34.311] [DEBUG] Calling db->searchTodos...
[2026-02-19 19:27:34.311] [ERROR] EXCEPTION in searchTodos: wstring_convert::from_bytes
[2026-02-19 19:27:34.311] [DEBUG] JSON response length: 47
[2026-02-19 19:27:34.311] [DEBUG] JSON preview: {"query":"молоко","count":0,"results":[]}
[2026-02-19 19:27:34.311] [DEBUG] Response sent successfully
[2026-02-19 19:27:34.311] [DEBUG] ========== SEARCH ENDPOINT FINISHED ==========
[2026-02-19 19:27:34.720] [INFO ] Validating token: eyJhbGciOiJIUzI1NiIs...
[2026-02-19 19:27:34.720] [DEBUG] Validating JWT token...
[2026-02-19 19:27:34.720] [INFO ] Token valid for user: admin (ID: 1)
[2026-02-19 19:27:34.720] [DEBUG] ========== SEARCH ENDPOINT CALLED ==========
[2026-02-19 19:27:34.720] [DEBUG] Query: 'молоко'
[2026-02-19 19:27:34.720] [DEBUG] Highlight: true
[2026-02-19 19:27:34.720] [DEBUG] User ID: 1
[2026-02-19 19:27:34.720] [DEBUG] Username: admin
[2026-02-19 19:27:34.720] [DEBUG] Calling db->searchTodos...
[2026-02-19 19:27:34.720] [ERROR] EXCEPTION in searchTodos: wstring_convert::from_bytes
[2026-02-19 19:27:34.720] [DEBUG] JSON response length: 47
[2026-02-19 19:27:34.721] [DEBUG] JSON preview: {"query":"молоко","count":0,"results":[]}
[2026-02-19 19:27:34.721] [DEBUG] Response sent successfully
[2026-02-19 19:27:34.721] [DEBUG] ========== SEARCH ENDPOINT FINISHED ==========
[2026-02-19 19:27:35.199] [INFO ] Validating token: eyJhbGciOiJIUzI1NiIs...
[2026-02-19 19:27:35.199] [DEBUG] Validating JWT token...
[2026-02-19 19:27:35.199] [INFO ] Token valid for user: admin (ID: 1)
[2026-02-19 19:27:35.199] [DEBUG] ========== SEARCH ENDPOINT CALLED ==========
[2026-02-19 19:27:35.199] [DEBUG] Query: 'молоко'
[2026-02-19 19:27:35.199] [DEBUG] Highlight: true
[2026-02-19 19:27:35.199] [DEBUG] User ID: 1
[2026-02-19 19:27:35.199] [DEBUG] Username: admin
[2026-02-19 19:27:35.199] [DEBUG] Calling db->searchTodos...
[2026-02-19 19:27:35.199] [ERROR] EXCEPTION in searchTodos: wstring_convert::from_bytes
[2026-02-19 19:27:35.199] [DEBUG] JSON response length: 47
[2026-02-19 19:27:35.199] [DEBUG] JSON preview: {"query":"молоко","count":0,"results":[]}
[2026-02-19 19:27:35.199] [DEBUG] Response sent successfully
[2026-02-19 19:27:35.199] [DEBUG] ========== SEARCH ENDPOINT FINISHED ==========
[2026-02-19 19:27:35.632] [INFO ] Validating token: eyJhbGciOiJIUzI1NiIs...
[2026-02-19 19:27:35.632] [DEBUG] Validating JWT token...
[2026-02-19 19:27:35.632] [INFO ] Token valid for user: admin (ID: 1)
[2026-02-19 19:27:35.632] [DEBUG] ========== SEARCH ENDPOINT CALLED ==========
[2026-02-19 19:27:35.632] [DEBUG] Query: 'молоко'
[2026-02-19 19:27:35.632] [DEBUG] Highlight: true
[2026-02-19 19:27:35.632] [DEBUG] User ID: 1
[2026-02-19 19:27:35.632] [DEBUG] Username: admin
[2026-02-19 19:27:35.632] [DEBUG] Calling db->searchTodos...
[2026-02-19 19:27:35.632] [ERROR] EXCEPTION in searchTodos: wstring_convert::from_bytes
[2026-02-19 19:27:35.632] [DEBUG] JSON response length: 47
[2026-02-19 19:27:35.632] [DEBUG] JSON preview: {"query":"молоко","count":0,"results":[]}
[2026-02-19 19:27:35.632] [DEBUG] Response sent successfully
[2026-02-19 19:27:35.632] [DEBUG] ========== SEARCH ENDPOINT FINISHED ==========
[2026-02-19 19:27:49.623] [INFO ] Validating token: eyJhbGciOiJIUzI1NiIs...
[2026-02-19 19:27:49.623] [DEBUG] Validating JWT token...
[2026-02-19 19:27:49.623] [INFO ] Token valid for user: admin (ID: 1)
[2026-02-19 19:27:49.630] [INFO ] Todo created for user 'admin', ID: 3
[2026-02-19 19:27:49.633] [INFO ] Validating token: eyJhbGciOiJIUzI1NiIs...
[2026-02-19 19:27:49.633] [DEBUG] Validating JWT token...
[2026-02-19 19:27:49.633] [INFO ] Token valid for user: admin (ID: 1)
[2026-02-19 19:27:49.641] [INFO ] Validating token: eyJhbGciOiJIUzI1NiIs...
[2026-02-19 19:27:49.641] [DEBUG] Validating JWT token...
[2026-02-19 19:27:49.641] [INFO ] Token valid for user: admin (ID: 1)
[2026-02-19 19:27:55.560] [INFO ] Validating token: eyJhbGciOiJIUzI1NiIs...
[2026-02-19 19:27:55.560] [DEBUG] Validating JWT token...
[2026-02-19 19:27:55.560] [INFO ] Token valid for user: admin (ID: 1)
[2026-02-19 19:27:55.566] [INFO ] Validating token: eyJhbGciOiJIUzI1NiIs...
[2026-02-19 19:27:55.566] [DEBUG] Validating JWT token...
[2026-02-19 19:27:55.566] [INFO ] Token valid for user: admin (ID: 1)
[2026-02-19 19:27:59.673] [INFO ] Validating token: eyJhbGciOiJIUzI1NiIs...
[2026-02-19 19:27:59.673] [DEBUG] Validating JWT token...
[2026-02-19 19:27:59.673] [INFO ] Token valid for user: admin (ID: 1)
[2026-02-19 19:27:59.679] [INFO ] Todo created for user 'admin', ID: 4
[2026-02-19 19:27:59.683] [INFO ] Validating token: eyJhbGciOiJIUzI1NiIs...
[2026-02-19 19:27:59.683] [DEBUG] Validating JWT token...
[2026-02-19 19:27:59.683] [INFO ] Token valid for user: admin (ID: 1)
[2026-02-19 19:27:59.691] [INFO ] Validating token: eyJhbGciOiJIUzI1NiIs...
[2026-02-19 19:27:59.691] [DEBUG] Validating JWT token...
[2026-02-19 19:27:59.691] [INFO ] Token valid for user: admin (ID: 1)
[2026-02-19 19:28:01.836] [INFO ] Validating token: eyJhbGciOiJIUzI1NiIs...
[2026-02-19 19:28:01.836] [DEBUG] Validating JWT token...
[2026-02-19 19:28:01.836] [INFO ] Token valid for user: admin (ID: 1)
[2026-02-19 19:28:01.848] [INFO ] Todo created for user 'admin', ID: 5
[2026-02-19 19:28:01.853] [INFO ] Validating token: eyJhbGciOiJIUzI1NiIs...
[2026-02-19 19:28:01.853] [DEBUG] Validating JWT token...
[2026-02-19 19:28:01.853] [INFO ] Token valid for user: admin (ID: 1)
[2026-02-19 19:28:01.902] [INFO ] Validating token: eyJhbGciOiJIUzI1NiIs...
[2026-02-19 19:28:01.902] [DEBUG] Validating JWT token...
[2026-02-19 19:28:01.902] [INFO ] Token valid for user: admin (ID: 1)
[2026-02-19 19:28:13.711] [INFO ] Validating token: eyJhbGciOiJIUzI1NiIs...
[2026-02-19 19:28:13.711] [DEBUG] Validating JWT token...
[2026-02-19 19:28:13.711] [INFO ] Token valid for user: admin (ID: 1)
[2026-02-19 19:28:13.712] [DEBUG] ========== SEARCH ENDPOINT CALLED ==========
[2026-02-19 19:28:13.712] [DEBUG] Query: 'qq OR fu'
[2026-02-19 19:28:13.712] [DEBUG] Highlight: true
[2026-02-19 19:28:13.712] [DEBUG] User ID: 1
[2026-02-19 19:28:13.712] [DEBUG] Username: admin
[2026-02-19 19:28:13.712] [DEBUG] Calling db->searchTodos...
[2026-02-19 19:28:13.712] [DEBUG] db->searchTodos returned 2 results
[2026-02-19 19:28:13.712] [DEBUG] First result: ID=4, title='fu uii'
[2026-02-19 19:28:13.712] [DEBUG] JSON response length: 412
[2026-02-19 19:28:13.712] [DEBUG] JSON preview: {"query":"qq OR fu","count":2,"results":[{"id":4,"title":"fu uii","description":"","completed":false,"created_at":"2026-02-19 16:27:59","priority":1,"due_date":"","category_id":0,"user_id":1,"title_sn
[2026-02-19 19:28:13.712] [DEBUG] Response sent successfully
[2026-02-19 19:28:13.712] [DEBUG] ========== SEARCH ENDPOINT FINISHED ==========
[2026-02-19 19:36:15.402] [ERROR] SQL error: bad parameter or other API misuse
[2026-02-19 19:36:15.402] [INFO ] Database opened: todo_app.db
[2026-02-19 19:36:15.402] [DEBUG] Tables created/checked
[2026-02-19 19:36:15.402] [DEBUG] Tables created/checked
[2026-02-19 19:36:15.402] [DEBUG] Tables created/checked
[2026-02-19 19:36:15.402] [DEBUG] Tables created/checked
[2026-02-19 19:36:15.403] [INFO ] Server running on http://localhost:8080
[2026-02-19 19:36:18.799] [INFO ] Loaded frontend from: frontend.html
[2026-02-19 19:36:18.883] [INFO ] Validating token: eyJhbGciOiJIUzI1NiIs...
[2026-02-19 19:36:18.883] [DEBUG] Validating JWT token...
[2026-02-19 19:36:18.883] [INFO ] Token valid for user: admin (ID: 1)
[2026-02-19 19:36:18.905] [INFO ] Validating token: eyJhbGciOiJIUzI1NiIs...
[2026-02-19 19:36:18.905] [DEBUG] Validating JWT token...
[2026-02-19 19:36:18.906] [INFO ] Token valid for user: admin (ID: 1)
[2026-02-19 19:36:18.908] [INFO ] Validating token: eyJhbGciOiJIUzI1NiIs...
[2026-02-19 19:36:18.908] [DEBUG] Validating JWT token...
[2026-02-19 19:36:18.908] [INFO ] Token valid for user: admin (ID: 1)
[2026-02-19 19:36:18.909] [INFO ] Validating token: eyJhbGciOiJIUzI1NiIs...
[2026-02-19 19:36:18.909] [DEBUG] Validating JWT token...
[2026-02-19 19:36:18.909] [INFO ] Validating token: eyJhbGciOiJIUzI1NiIs...
[2026-02-19 19:36:18.909] [DEBUG] Validating JWT token...
[2026-02-19 19:36:18.909] [INFO ] Token valid for user: admin (ID: 1)
[2026-02-19 19:36:18.909] [INFO ] Token valid for user: admin (ID: 1)
[2026-02-19 19:36:19.481] [INFO ] Loaded frontend from: frontend.html
[2026-02-19 19:36:19.531] [INFO ] Validating token: eyJhbGciOiJIUzI1NiIs...
[2026-02-19 19:36:19.531] [DEBUG] Validating JWT token...
[2026-02-19 19:36:19.532] [INFO ] Token valid for user: admin (ID: 1)
[2026-02-19 19:36:19.545] [INFO ] Validating token: eyJhbGciOiJIUzI1NiIs...
[2026-02-19 19:36:19.545] [DEBUG] Validating JWT token...
[2026-02-19 19:36:19.545] [INFO ] Token valid for user: admin (ID: 1)
[2026-02-19 19:36:19.546] [INFO ] Validating token: eyJhbGciOiJIUzI1NiIs...
[2026-02-19 19:36:19.546] [DEBUG] Validating JWT token...
[2026-02-19 19:36:19.546] [INFO ] Token valid for user: admin (ID: 1)
[2026-02-19 19:36:19.547] [INFO ] Validating token: eyJhbGciOiJIUzI1NiIs...
[2026-02-19 19:36:19.547] [DEBUG] Validating JWT token...
[2026-02-19 19:36:19.547] [INFO ] Token valid for user: admin (ID: 1)
[2026-02-19 19:36:19.547] [INFO ] Validating token: eyJhbGciOiJIUzI1NiIs...
[2026-02-19 19:36:19.547] [DEBUG] Validating JWT token...
[2026-02-19 19:36:19.548] [INFO ] Token valid for user: admin (ID: 1)
[2026-02-19 19:36:22.043] [INFO ] Validating token: eyJhbGciOiJIUzI1NiIs...
[2026-02-19 19:36:22.043] [DEBUG] Validating JWT token...
[2026-02-19 19:36:22.043] [INFO ] Token valid for user: admin (ID: 1)
[2026-02-19 19:36:22.043] [DEBUG] ========== SEARCH ENDPOINT CALLED ==========
[2026-02-19 19:36:22.043] [DEBUG] Query: 'молоко'
[2026-02-19 19:36:22.043] [DEBUG] Highlight: true
[2026-02-19 19:36:22.044] [DEBUG] User ID: 1
[2026-02-19 19:36:22.044] [DEBUG] Username: admin
[2026-02-19 19:36:22.044] [DEBUG] Calling db->searchTodos...
[2026-02-19 19:36:22.044] [ERROR] EXCEPTION in searchTodos: wstring_convert::from_bytes
[2026-02-19 19:36:22.044] [DEBUG] JSON response length: 47
[2026-02-19 19:36:22.044] [DEBUG] JSON preview: {"query":"молоко","count":0,"results":[]}
[2026-02-19 19:36:22.044] [DEBUG] Response sent successfully
[2026-02-19 19:36:22.044] [DEBUG] ========== SEARCH ENDPOINT FINISHED ==========
[2026-02-19 19:36:24.115] [INFO ] Validating token: eyJhbGciOiJIUzI1NiIs...
[2026-02-19 19:36:24.116] [DEBUG] Validating JWT token...
[2026-02-19 19:36:24.116] [INFO ] Token valid for user: admin (ID: 1)
[2026-02-19 19:36:24.116] [DEBUG] ========== SEARCH ENDPOINT CALLED ==========
[2026-02-19 19:36:24.116] [DEBUG] Query: 'молоко'
[2026-02-19 19:36:24.116] [DEBUG] Highlight: true
[2026-02-19 19:36:24.116] [DEBUG] User ID: 1
[2026-02-19 19:36:24.116] [DEBUG] Username: admin
[2026-02-19 19:36:24.116] [DEBUG] Calling db->searchTodos...
[2026-02-19 19:36:24.116] [ERROR] EXCEPTION in searchTodos: wstring_convert::from_bytes
[2026-02-19 19:36:24.116] [DEBUG] JSON response length: 47
[2026-02-19 19:36:24.116] [DEBUG] JSON preview: {"query":"молоко","count":0,"results":[]}
[2026-02-19 19:36:24.116] [DEBUG] Response sent successfully
[2026-02-19 19:36:24.116] [DEBUG] ========== SEARCH ENDPOINT FINISHED ==========
[2026-02-19 19:36:24.575] [INFO ] Validating token: eyJhbGciOiJIUzI1NiIs...
[2026-02-19 19:36:24.575] [DEBUG] Validating JWT token...
[2026-02-19 19:36:24.575] [INFO ] Token valid for user: admin (ID: 1)
[2026-02-19 19:36:24.575] [DEBUG] ========== SEARCH ENDPOINT CALLED ==========
[2026-02-19 19:36:24.575] [DEBUG] Query: 'молоко'
[2026-02-19 19:36:24.575] [DEBUG] Highlight: true
[2026-02-19 19:36:24.575] [DEBUG] User ID: 1
[2026-02-19 19:36:24.575] [DEBUG] Username: admin
[2026-02-19 19:36:24.575] [DEBUG] Calling db->searchTodos...
[2026-02-19 19:36:24.575] [ERROR] EXCEPTION in searchTodos: wstring_convert::from_bytes
[2026-02-19 19:36:24.575] [DEBUG] JSON response length: 47
[2026-02-19 19:36:24.575] [DEBUG] JSON preview: {"query":"молоко","count":0,"results":[]}
[2026-02-19 19:36:24.575] [DEBUG] Response sent successfully
[2026-02-19 19:36:24.575] [DEBUG] ========== SEARCH ENDPOINT FINISHED ==========
[2026-02-19 19:38:15.295] [ERROR] SQL error: bad parameter or other API misuse
[2026-02-19 19:38:15.295] [INFO ] Database opened: todo_app.db
[2026-02-19 19:38:15.295] [DEBUG] Tables created/checked
[2026-02-19 19:38:15.296] [DEBUG] Tables created/checked
[2026-02-19 19:38:15.296] [DEBUG] Tables created/checked
[2026-02-19 19:38:15.296] [DEBUG] Tables created/checked
[2026-02-19 19:38:15.296] [INFO ] Server running on http://localhost:8080
[2026-02-19 19:38:17.607] [INFO ] Loaded frontend from: frontend.html
[2026-02-19 19:38:17.630] [INFO ] Validating token: eyJhbGciOiJIUzI1NiIs...
[2026-02-19 19:38:17.630] [DEBUG] Validating JWT token...
[2026-02-19 19:38:17.630] [INFO ] Token valid for user: admin (ID: 1)
[2026-02-19 19:38:17.664] [INFO ] Validating token: eyJhbGciOiJIUzI1NiIs...
[2026-02-19 19:38:17.664] [DEBUG] Validating JWT token...
[2026-02-19 19:38:17.664] [INFO ] Token valid for user: admin (ID: 1)
[2026-02-19 19:38:17.665] [INFO ] Validating token: eyJhbGciOiJIUzI1NiIs...
[2026-02-19 19:38:17.665] [DEBUG] Validating JWT token...
[2026-02-19 19:38:17.665] [INFO ] Token valid for user: admin (ID: 1)
[2026-02-19 19:38:17.670] [INFO ] Validating token: eyJhbGciOiJIUzI1NiIs...
[2026-02-19 19:38:17.670] [DEBUG] Validating JWT token...
[2026-02-19 19:38:17.670] [INFO ] Token valid for user: admin (ID: 1)
[2026-02-19 19:38:17.671] [INFO ] Validating token: eyJhbGciOiJIUzI1NiIs...
[2026-02-19 19:38:17.671] [DEBUG] Validating JWT token...
[2026-02-19 19:38:17.671] [INFO ] Token valid for user: admin (ID: 1)
[2026-02-19 19:38:18.407] [INFO ] Loaded frontend from: frontend.html
[2026-02-19 19:38:18.441] [INFO ] Validating token: eyJhbGciOiJIUzI1NiIs...
[2026-02-19 19:38:18.441] [DEBUG] Validating JWT token...
[2026-02-19 19:38:18.441] [INFO ] Token valid for user: admin (ID: 1)
[2026-02-19 19:38:18.463] [INFO ] Validating token: eyJhbGciOiJIUzI1NiIs...
[2026-02-19 19:38:18.463] [DEBUG] Validating JWT token...
[2026-02-19 19:38:18.463] [INFO ] Token valid for user: admin (ID: 1)
[2026-02-19 19:38:18.464] [INFO ] Validating token: eyJhbGciOiJIUzI1NiIs...
[2026-02-19 19:38:18.464] [DEBUG] Validating JWT token...
[2026-02-19 19:38:18.464] [INFO ] Token valid for user: admin (ID: 1)
[2026-02-19 19:38:18.473] [INFO ] Validating token: eyJhbGciOiJIUzI1NiIs...
[2026-02-19 19:38:18.473] [DEBUG] Validating JWT token...
[2026-02-19 19:38:18.473] [INFO ] Token valid for user: admin (ID: 1)
[2026-02-19 19:38:18.479] [INFO ] Validating token: eyJhbGciOiJIUzI1NiIs...
[2026-02-19 19:38:18.479] [DEBUG] Validating JWT token...
[2026-02-19 19:38:18.479] [INFO ] Token valid for user: admin (ID: 1)
[2026-02-19 19:38:24.442] [INFO ] Validating token: eyJhbGciOiJIUzI1NiIs...
[2026-02-19 19:38:24.442] [DEBUG] Validating JWT token...
[2026-02-19 19:38:24.442] [INFO ] Token valid for user: admin (ID: 1)
[2026-02-19 19:38:24.442] [DEBUG] ========== SEARCH ENDPOINT CALLED ==========
[2026-02-19 19:38:24.443] [DEBUG] Query: 'молоко'
[2026-02-19 19:38:24.443] [DEBUG] Highlight: true
[2026-02-19 19:38:24.443] [DEBUG] User ID: 1
[2026-02-19 19:38:24.443] [DEBUG] Username: admin
[2026-02-19 19:38:24.443] [DEBUG] Calling db->searchTodos...
[2026-02-19 19:38:24.443] [DEBUG] db->searchTodos returned 1 results
[2026-02-19 19:38:24.443] [DEBUG] First result: ID=1, title='Купить молоко'
[2026-02-19 19:38:24.443] [DEBUG] JSON response length: 273
[2026-02-19 19:38:24.443] [DEBUG] JSON preview: {"query":"молоко","count":1,"results":[{"id":1,"title":"Купить молоко","description":"","completed":false,"created_at":"2026-02-19 16:27:22","priority":1,"due_date":"","category_id":
[2026-02-19 19:38:24.443] [DEBUG] Response sent successfully
[2026-02-19 19:38:24.443] [DEBUG] ========== SEARCH ENDPOINT FINISHED ==========
[2026-02-19 19:38:46.250] [INFO ] Validating token: eyJhbGciOiJIUzI1NiIs...
[2026-02-19 19:38:46.250] [DEBUG] Validating JWT token...
[2026-02-19 19:38:46.250] [INFO ] Token valid for user: admin (ID: 1)
[2026-02-19 19:38:46.251] [DEBUG] ========== SEARCH ENDPOINT CALLED ==========
[2026-02-19 19:38:46.251] [DEBUG] Query: 'купить NOT молоко'
[2026-02-19 19:38:46.251] [DEBUG] Highlight: true
[2026-02-19 19:38:46.251] [DEBUG] User ID: 1
[2026-02-19 19:38:46.251] [DEBUG] Username: admin
[2026-02-19 19:38:46.251] [DEBUG] Calling db->searchTodos...
[2026-02-19 19:38:46.251] [DEBUG] db->searchTodos returned 1 results
[2026-02-19 19:38:46.251] [DEBUG] First result: ID=2, title='Купить хлеб'
[2026-02-19 19:38:46.251] [DEBUG] JSON response length: 282
[2026-02-19 19:38:46.251] [DEBUG] JSON preview: {"query":"купить NOT молоко","count":1,"results":[{"id":2,"title":"Купить хлеб","description":"","completed":false,"created_at":"2026-02-19 16:27:24","priority":1,"due_date":"","
[2026-02-19 19:38:46.251] [DEBUG] Response sent successfully
[2026-02-19 19:38:46.251] [DEBUG] ========== SEARCH ENDPOINT FINISHED ==========
[2026-02-19 19:39:15.067] [INFO ] Validating token: eyJhbGciOiJIUzI1NiIs...
[2026-02-19 19:39:15.067] [DEBUG] Validating JWT token...
[2026-02-19 19:39:15.067] [INFO ] Token valid for user: admin (ID: 1)
[2026-02-19 19:39:15.067] [DEBUG] ========== SEARCH ENDPOINT CALLED ==========
[2026-02-19 19:39:15.067] [DEBUG] Query: 'купить не молоко'
[2026-02-19 19:39:15.067] [DEBUG] Highlight: true
[2026-02-19 19:39:15.067] [DEBUG] User ID: 1
[2026-02-19 19:39:15.067] [DEBUG] Username: admin
[2026-02-19 19:39:15.067] [DEBUG] Calling db->searchTodos...
[2026-02-19 19:39:15.068] [DEBUG] db->searchTodos returned 0 results
[2026-02-19 19:39:15.068] [DEBUG] JSON response length: 65
[2026-02-19 19:39:15.068] [DEBUG] JSON preview: {"query":"купить не молоко","count":0,"results":[]}
[2026-02-19 19:39:15.068] [DEBUG] Response sent successfully
[2026-02-19 19:39:15.068] [DEBUG] ========== SEARCH ENDPOINT FINISHED ==========
[2026-02-19 19:39:15.910] [INFO ] Validating token: eyJhbGciOiJIUzI1NiIs...
[2026-02-19 19:39:15.910] [DEBUG] Validating JWT token...
[2026-02-19 19:39:15.910] [INFO ] Token valid for user: admin (ID: 1)
[2026-02-19 19:39:15.910] [DEBUG] ========== SEARCH ENDPOINT CALLED ==========
[2026-02-19 19:39:15.910] [DEBUG] Query: 'купить не молоко'
[2026-02-19 19:39:15.910] [DEBUG] Highlight: true
[2026-02-19 19:39:15.910] [DEBUG] User ID: 1
[2026-02-19 19:39:15.910] [DEBUG] Username: admin
[2026-02-19 19:39:15.910] [DEBUG] Calling db->searchTodos...
[2026-02-19 19:39:15.911] [DEBUG] db->searchTodos returned 0 results
[2026-02-19 19:39:15.911] [DEBUG] JSON response length: 65
[2026-02-19 19:39:15.911] [DEBUG] JSON preview: {"query":"купить не молоко","count":0,"results":[]}
[2026-02-19 19:39:15.911] [DEBUG] Response sent successfully
[2026-02-19 19:39:15.911] [DEBUG] ========== SEARCH ENDPOINT FINISHED ==========
[2026-02-19 19:39:16.352] [INFO ] Validating token: eyJhbGciOiJIUzI1NiIs...
[2026-02-19 19:39:16.352] [DEBUG] Validating JWT token...
[2026-02-19 19:39:16.352] [INFO ] Token valid for user: admin (ID: 1)
[2026-02-19 19:39:16.352] [DEBUG] ========== SEARCH ENDPOINT CALLED ==========
[2026-02-19 19:39:16.352] [DEBUG] Query: 'купить не молоко'
[2026-02-19 19:39:16.352] [DEBUG] Highlight: true
[2026-02-19 19:39:16.352] [DEBUG] User ID: 1
[2026-02-19 19:39:16.352] [DEBUG] Username: admin
[2026-02-19 19:39:16.352] [DEBUG] Calling db->searchTodos...
[2026-02-19 19:39:16.353] [DEBUG] db->searchTodos returned 0 results
[2026-02-19 19:39:16.353] [DEBUG] JSON response length: 65
[2026-02-19 19:39:16.353] [DEBUG] JSON preview: {"query":"купить не молоко","count":0,"results":[]}
[2026-02-19 19:39:16.353] [DEBUG] Response sent successfully
[2026-02-19 19:39:16.353] [DEBUG] ========== SEARCH ENDPOINT FINISHED ==========
[2026-02-19 19:39:23.461] [INFO ] Validating token: eyJhbGciOiJIUzI1NiIs...
[2026-02-19 19:39:23.461] [DEBUG] Validating JWT token...
[2026-02-19 19:39:23.461] [INFO ] Token valid for user: admin (ID: 1)
[2026-02-19 19:39:23.461] [DEBUG] ========== SEARCH ENDPOINT CALLED ==========
[2026-02-19 19:39:23.461] [DEBUG] Query: 'купить NOT молоко'
[2026-02-19 19:39:23.461] [DEBUG] Highlight: true
[2026-02-19 19:39:23.461] [DEBUG] User ID: 1
[2026-02-19 19:39:23.461] [DEBUG] Username: admin
[2026-02-19 19:39:23.461] [DEBUG] Calling db->searchTodos...
[2026-02-19 19:39:23.461] [DEBUG] db->searchTodos returned 1 results
[2026-02-19 19:39:23.461] [DEBUG] First result: ID=2, title='Купить хлеб'
[2026-02-19 19:39:23.461] [DEBUG] JSON response length: 282
[2026-02-19 19:39:23.461] [DEBUG] JSON preview: {"query":"купить NOT молоко","count":1,"results":[{"id":2,"title":"Купить хлеб","description":"","completed":false,"created_at":"2026-02-19 16:27:24","priority":1,"due_date":"","
[2026-02-19 19:39:23.461] [DEBUG] Response sent successfully
[2026-02-19 19:39:23.461] [DEBUG] ========== SEARCH ENDPOINT FINISHED ==========
[2026-02-19 19:39:34.754] [INFO ] Validating token: eyJhbGciOiJIUzI1NiIs...
[2026-02-19 19:39:34.754] [DEBUG] Validating JWT token...
[2026-02-19 19:39:34.754] [INFO ] Token valid for user: admin (ID: 1)
[2026-02-19 19:39:34.754] [DEBUG] ========== SEARCH ENDPOINT CALLED ==========
[2026-02-19 19:39:34.754] [DEBUG] Query: 'купить AND молоко'
[2026-02-19 19:39:34.754] [DEBUG] Highlight: true
[2026-02-19 19:39:34.754] [DEBUG] User ID: 1
[2026-02-19 19:39:34.754] [DEBUG] Username: admin
[2026-02-19 19:39:34.754] [DEBUG] Calling db->searchTodos...
[2026-02-19 19:39:34.754] [DEBUG] db->searchTodos returned 1 results
[2026-02-19 19:39:34.754] [DEBUG] First result: ID=1, title='Купить молоко'
[2026-02-19 19:39:34.754] [DEBUG] JSON response length: 303
[2026-02-19 19:39:34.754] [DEBUG] JSON preview: {"query":"купить AND молоко","count":1,"results":[{"id":1,"title":"Купить молоко","description":"","completed":false,"created_at":"2026-02-19 16:27:22","priority":1,"due_date":
[2026-02-19 19:39:34.754] [DEBUG] Response sent successfully
[2026-02-19 19:39:34.754] [DEBUG] ========== SEARCH ENDPOINT FINISHED ==========
[2026-02-19 20:23:01.311] [INFO ] Validating token: eyJhbGciOiJIUzI1NiIs...
[2026-02-19 20:23:01.312] [DEBUG] Validating JWT token...
[2026-02-19 20:23:01.312] [INFO ] Token valid for user: admin (ID: 1)
[2026-02-19 20:23:01.312] [DEBUG] ========== SEARCH ENDPOINT CALLED ==========
[2026-02-19 20:23:01.312] [DEBUG] Query: 'купить'
[2026-02-19 20:23:01.312] [DEBUG] Highlight: true
[2026-02-19 20:23:01.312] [DEBUG] User ID: 1
[2026-02-19 20:23:01.312] [DEBUG] Username: admin
[2026-02-19 20:23:01.312] [DEBUG] Calling db->searchTodos...
[2026-02-19 20:23:01.313] [DEBUG] db->searchTodos returned 2 results
[2026-02-19 20:23:01.313] [DEBUG] First result: ID=2, title='Купить хлеб'
[2026-02-19 20:23:01.313] [DEBUG] JSON response length: 492
[2026-02-19 20:23:01.313] [DEBUG] JSON preview: {"query":"купить","count":2,"results":[{"id":2,"title":"Купить хлеб","description":"","completed":false,"created_at":"2026-02-19 16:27:24","priority":1,"due_date":"","category_id":0,"u
[2026-02-19 20:23:01.313] [DEBUG] Response sent successfully
[2026-02-19 20:23:01.313] [DEBUG] ========== SEARCH ENDPOINT FINISHED ==========
[2026-02-19 20:23:07.635] [INFO ] Validating token: eyJhbGciOiJIUzI1NiIs...
[2026-02-19 20:23:07.636] [DEBUG] Validating JWT token...
[2026-02-19 20:23:07.636] [INFO ] Token valid for user: admin (ID: 1)
[2026-02-19 20:23:07.636] [DEBUG] ========== SEARCH ENDPOINT CALLED ==========
[2026-02-19 20:23:07.636] [DEBUG] Query: 'купи*'
[2026-02-19 20:23:07.636] [DEBUG] Highlight: true
[2026-02-19 20:23:07.636] [DEBUG] User ID: 1
[2026-02-19 20:23:07.636] [DEBUG] Username: admin
[2026-02-19 20:23:07.636] [DEBUG] Calling db->searchTodos...
[2026-02-19 20:23:07.636] [DEBUG] db->searchTodos returned 2 results
[2026-02-19 20:23:07.636] [DEBUG] First result: ID=2, title='Купить хлеб'
[2026-02-19 20:23:07.636] [DEBUG] JSON response length: 489
[2026-02-19 20:23:07.636] [DEBUG] JSON preview: {"query":"купи*","count":2,"results":[{"id":2,"title":"Купить хлеб","description":"","completed":false,"created_at":"2026-02-19 16:27:24","priority":1,"due_date":"","category_id":0,"user
[2026-02-19 20:23:07.636] [DEBUG] Response sent successfully
[2026-02-19 20:23:07.636] [DEBUG] ========== SEARCH ENDPOINT FINISHED ==========
[2026-02-19 20:23:08.341] [INFO ] Validating token: eyJhbGciOiJIUzI1NiIs...
[2026-02-19 20:23:08.341] [DEBUG] Validating JWT token...
[2026-02-19 20:23:08.341] [INFO ] Token valid for user: admin (ID: 1)
[2026-02-19 20:23:08.341] [DEBUG] ========== SEARCH ENDPOINT CALLED ==========
[2026-02-19 20:23:08.341] [DEBUG] Query: 'купи*'
[2026-02-19 20:23:08.341] [DEBUG] Highlight: true
[2026-02-19 20:23:08.341] [DEBUG] User ID: 1
[2026-02-19 20:23:08.341] [DEBUG] Username: admin
[2026-02-19 20:23:08.341] [DEBUG] Calling db->searchTodos...
[2026-02-19 20:23:08.342] [DEBUG] db->searchTodos returned 2 results
[2026-02-19 20:23:08.342] [DEBUG] First result: ID=2, title='Купить хлеб'
[2026-02-19 20:23:08.342] [DEBUG] JSON response length: 489
[2026-02-19 20:23:08.342] [DEBUG] JSON preview: {"query":"купи*","count":2,"results":[{"id":2,"title":"Купить хлеб","description":"","completed":false,"created_at":"2026-02-19 16:27:24","priority":1,"due_date":"","category_id":0,"user
[2026-02-19 20:23:08.342] [DEBUG] Response sent successfully
[2026-02-19 20:23:08.342] [DEBUG] ========== SEARCH ENDPOINT FINISHED ==========
[2026-02-19 20:23:08.795] [INFO ] Validating token: eyJhbGciOiJIUzI1NiIs...
[2026-02-19 20:23:08.795] [DEBUG] Validating JWT token...
[2026-02-19 20:23:08.795] [INFO ] Token valid for user: admin (ID: 1)
[2026-02-19 20:23:08.795] [DEBUG] ========== SEARCH ENDPOINT CALLED ==========
[2026-02-19 20:23:08.795] [DEBUG] Query: 'купи*'
[2026-02-19 20:23:08.795] [DEBUG] Highlight: true
[2026-02-19 20:23:08.795] [DEBUG] User ID: 1
[2026-02-19 20:23:08.795] [DEBUG] Username: admin
[2026-02-19 20:23:08.795] [DEBUG] Calling db->searchTodos...
[2026-02-19 20:23:08.795] [DEBUG] db->searchTodos returned 2 results
[2026-02-19 20:23:08.795] [DEBUG] First result: ID=2, title='Купить хлеб'
[2026-02-19 20:23:08.795] [DEBUG] JSON response length: 489
[2026-02-19 20:23:08.795] [DEBUG] JSON preview: {"query":"купи*","count":2,"results":[{"id":2,"title":"Купить хлеб","description":"","completed":false,"created_at":"2026-02-19 16:27:24","priority":1,"due_date":"","category_id":0,"user
[2026-02-19 20:23:08.795] [DEBUG] Response sent successfully
[2026-02-19 20:23:08.795] [DEBUG] ========== SEARCH ENDPOINT FINISHED ==========
[2026-02-19 20:23:27.021] [INFO ] Validating token: eyJhbGciOiJIUzI1NiIs...
[2026-02-19 20:23:27.021] [DEBUG] Validating JWT token...
[2026-02-19 20:23:27.021] [INFO ] Token valid for user: admin (ID: 1)
[2026-02-19 20:23:27.021] [DEBUG] ========== SEARCH ENDPOINT CALLED ==========
[2026-02-19 20:23:27.021] [DEBUG] Query: 'fu AND qq'
[2026-02-19 20:23:27.021] [DEBUG] Highlight: true
[2026-02-19 20:23:27.021] [DEBUG] User ID: 1
[2026-02-19 20:23:27.021] [DEBUG] Username: admin
[2026-02-19 20:23:27.021] [DEBUG] Calling db->searchTodos...
[2026-02-19 20:23:27.022] [DEBUG] db->searchTodos returned 0 results
[2026-02-19 20:23:27.022] [DEBUG] JSON response length: 44
[2026-02-19 20:23:27.022] [DEBUG] JSON preview: {"query":"fu AND qq","count":0,"results":[]}
[2026-02-19 20:23:27.022] [DEBUG] Response sent successfully
[2026-02-19 20:23:27.022] [DEBUG] ========== SEARCH ENDPOINT FINISHED ==========
[2026-02-19 20:23:31.947] [INFO ] Validating token: eyJhbGciOiJIUzI1NiIs...
[2026-02-19 20:23:31.947] [DEBUG] Validating JWT token...
[2026-02-19 20:23:31.947] [INFO ] Token valid for user: admin (ID: 1)
[2026-02-19 20:23:31.947] [DEBUG] ========== SEARCH ENDPOINT CALLED ==========
[2026-02-19 20:23:31.947] [DEBUG] Query: 'fu OR qq'
[2026-02-19 20:23:31.947] [DEBUG] Highlight: true
[2026-02-19 20:23:31.948] [DEBUG] User ID: 1
[2026-02-19 20:23:31.948] [DEBUG] Username: admin
[2026-02-19 20:23:31.948] [DEBUG] Calling db->searchTodos...
[2026-02-19 20:23:31.948] [DEBUG] db->searchTodos returned 2 results
[2026-02-19 20:23:31.948] [DEBUG] First result: ID=4, title='fu uii'
[2026-02-19 20:23:31.948] [DEBUG] JSON response length: 412
[2026-02-19 20:23:31.948] [DEBUG] JSON preview: {"query":"fu OR qq","count":2,"results":[{"id":4,"title":"fu uii","description":"","completed":false,"created_at":"2026-02-19 16:27:59","priority":1,"due_date":"","category_id":0,"user_id":1,"title_sn
[2026-02-19 20:23:31.948] [DEBUG] Response sent successfully
[2026-02-19 20:23:31.948] [DEBUG] ========== SEARCH ENDPOINT FINISHED ==========
[2026-02-19 20:28:42.862] [ERROR] SQL error: bad parameter or other API misuse
[2026-02-19 20:28:42.862] [INFO ] Database opened: todo_app.db
[2026-02-19 20:28:42.862] [DEBUG] Tables created/checked
[2026-02-19 20:28:42.862] [DEBUG] Tables created/checked
[2026-02-19 20:28:42.862] [DEBUG] Tables created/checked
[2026-02-19 20:28:42.862] [DEBUG] Tables created/checked
[2026-02-19 20:28:42.864] [INFO ] Server running on http://localhost:8080
[2026-02-19 20:28:45.596] [INFO ] Loaded frontend from: frontend.html
[2026-02-19 20:28:45.700] [INFO ] Validating token: eyJhbGciOiJIUzI1NiIs...
[2026-02-19 20:28:45.700] [DEBUG] Validating JWT token...
[2026-02-19 20:28:45.700] [INFO ] Token valid for user: admin (ID: 1)
[2026-02-19 20:28:45.717] [INFO ] Validating token: eyJhbGciOiJIUzI1NiIs...
[2026-02-19 20:28:45.718] [DEBUG] Validating JWT token...
[2026-02-19 20:28:45.718] [INFO ] Token valid for user: admin (ID: 1)
[2026-02-19 20:28:45.718] [INFO ] Validating token: eyJhbGciOiJIUzI1NiIs...
[2026-02-19 20:28:45.718] [DEBUG] Validating JWT token...
[2026-02-19 20:28:45.718] [INFO ] Token valid for user: admin (ID: 1)
[2026-02-19 20:28:45.719] [INFO ] Validating token: eyJhbGciOiJIUzI1NiIs...
[2026-02-19 20:28:45.719] [DEBUG] Validating JWT token...
[2026-02-19 20:28:45.719] [INFO ] Token valid for user: admin (ID: 1)
[2026-02-19 20:28:45.719] [INFO ] Validating token: eyJhbGciOiJIUzI1NiIs...
[2026-02-19 20:28:45.719] [DEBUG] Validating JWT token...
[2026-02-19 20:28:45.719] [INFO ] Token valid for user: admin (ID: 1)
[2026-02-19 20:28:53.286] [INFO ] Validating token: eyJhbGciOiJIUzI1NiIs...
[2026-02-19 20:28:53.286] [DEBUG] Validating JWT token...
[2026-02-19 20:28:53.286] [INFO ] Token valid for user: admin (ID: 1)
[2026-02-19 20:28:53.286] [DEBUG] ========== SEARCH ENDPOINT CALLED ==========
[2026-02-19 20:28:53.286] [DEBUG] Query: 'купить AND молоко'
[2026-02-19 20:28:53.286] [DEBUG] Highlight: true
[2026-02-19 20:28:53.286] [DEBUG] User ID: 1
[2026-02-19 20:28:53.286] [DEBUG] Username: admin
[2026-02-19 20:28:53.286] [DEBUG] Calling db->searchTodos...
[2026-02-19 20:28:53.287] [DEBUG] db->searchTodos returned 1 results
[2026-02-19 20:28:53.287] [DEBUG] First result: ID=1, title='Купить молоко'
[2026-02-19 20:28:53.287] [DEBUG] JSON response length: 303
[2026-02-19 20:28:53.287] [DEBUG] JSON preview: {"query":"купить AND молоко","count":1,"results":[{"id":1,"title":"Купить молоко","description":"","completed":false,"created_at":"2026-02-19 16:27:22","priority":1,"due_date":
[2026-02-19 20:28:53.287] [DEBUG] Response sent successfully
[2026-02-19 20:28:53.287] [DEBUG] ========== SEARCH ENDPOINT FINISHED ==========
[2026-02-19 20:28:57.491] [INFO ] Validating token: eyJhbGciOiJIUzI1NiIs...
[2026-02-19 20:28:57.491] [DEBUG] Validating JWT token...
[2026-02-19 20:28:57.491] [INFO ] Token valid for user: admin (ID: 1)
[2026-02-19 20:28:57.491] [DEBUG] ========== SEARCH ENDPOINT CALLED ==========
[2026-02-19 20:28:57.491] [DEBUG] Query: 'купить NOT молоко'
[2026-02-19 20:28:57.491] [DEBUG] Highlight: true
[2026-02-19 20:28:57.491] [DEBUG] User ID: 1
[2026-02-19 20:28:57.491] [DEBUG] Username: admin
[2026-02-19 20:28:57.491] [DEBUG] Calling db->searchTodos...
[2026-02-19 20:28:57.491] [DEBUG] db->searchTodos returned 1 results
[2026-02-19 20:28:57.491] [DEBUG] First result: ID=2, title='Купить хлеб'
[2026-02-19 20:28:57.491] [DEBUG] JSON response length: 282
[2026-02-19 20:28:57.491] [DEBUG] JSON preview: {"query":"купить NOT молоко","count":1,"results":[{"id":2,"title":"Купить хлеб","description":"","completed":false,"created_at":"2026-02-19 16:27:24","priority":1,"due_date":"","
[2026-02-19 20:28:57.491] [DEBUG] Response sent successfully
[2026-02-19 20:28:57.491] [DEBUG] ========== SEARCH ENDPOINT FINISHED ==========
[2026-02-19 20:35:11.468] [ERROR] SQL error: bad parameter or other API misuse
[2026-02-19 20:35:11.469] [INFO ] Database opened: todo_app.db
[2026-02-19 20:35:11.469] [DEBUG] Tables created/checked
[2026-02-19 20:35:11.469] [DEBUG] Tables created/checked
[2026-02-19 20:35:11.469] [DEBUG] Tables created/checked
[2026-02-19 20:35:11.469] [DEBUG] Tables created/checked
[2026-02-19 20:35:11.470] [INFO ] Server running on http://localhost:8080
[2026-02-19 20:35:16.797] [INFO ] Loaded frontend from: frontend.html
[2026-02-19 20:35:16.926] [INFO ] Validating token: eyJhbGciOiJIUzI1NiIs...
[2026-02-19 20:35:16.926] [DEBUG] Validating JWT token...
[2026-02-19 20:35:16.926] [INFO ] Token valid for user: admin (ID: 1)
[2026-02-19 20:35:16.961] [INFO ] Validating token: eyJhbGciOiJIUzI1NiIs...
[2026-02-19 20:35:16.961] [DEBUG] Validating JWT token...
[2026-02-19 20:35:16.961] [INFO ] Token valid for user: admin (ID: 1)
[2026-02-19 20:35:16.962] [INFO ] Validating token: eyJhbGciOiJIUzI1NiIs...
[2026-02-19 20:35:16.962] [DEBUG] Validating JWT token...
[2026-02-19 20:35:16.962] [INFO ] Token valid for user: admin (ID: 1)
[2026-02-19 20:35:16.962] [INFO ] Validating token: eyJhbGciOiJIUzI1NiIs...
[2026-02-19 20:35:16.962] [DEBUG] Validating JWT token...
[2026-02-19 20:35:16.962] [INFO ] Token valid for user: admin (ID: 1)
[2026-02-19 20:35:16.963] [INFO ] Validating token: eyJhbGciOiJIUzI1NiIs...
[2026-02-19 20:35:16.963] [DEBUG] Validating JWT token...
[2026-02-19 20:35:16.963] [INFO ] Token valid for user: admin (ID: 1)
[2026-02-19 20:35:48.240] [INFO ] Validating token: eyJhbGciOiJIUzI1NiIs...
[2026-02-19 20:35:48.240] [DEBUG] Validating JWT token...
[2026-02-19 20:35:48.240] [INFO ] Token valid for user: admin (ID: 1)
[2026-02-19 20:35:48.247] [INFO ] Todo created for user 'admin', ID: 6
[2026-02-19 20:35:48.253] [INFO ] Validating token: eyJhbGciOiJIUzI1NiIs...
[2026-02-19 20:35:48.253] [DEBUG] Validating JWT token...
[2026-02-19 20:35:48.253] [INFO ] Token valid for user: admin (ID: 1)
[2026-02-19 20:35:48.256] [INFO ] Validating token: eyJhbGciOiJIUzI1NiIs...
[2026-02-19 20:35:48.256] [DEBUG] Validating JWT token...
[2026-02-19 20:35:48.256] [INFO ] Token valid for user: admin (ID: 1)
[2026-02-19 20:35:58.279] [INFO ] Validating token: eyJhbGciOiJIUzI1NiIs...
[2026-02-19 20:35:58.279] [DEBUG] Validating JWT token...
[2026-02-19 20:35:58.279] [INFO ] Token valid for user: admin (ID: 1)
[2026-02-19 20:35:58.279] [DEBUG] ========== SEARCH ENDPOINT CALLED ==========
[2026-02-19 20:35:58.279] [DEBUG] Query: 'купить OR работа'
[2026-02-19 20:35:58.279] [DEBUG] Highlight: true
[2026-02-19 20:35:58.279] [DEBUG] User ID: 1
[2026-02-19 20:35:58.279] [DEBUG] Username: admin
[2026-02-19 20:35:58.279] [DEBUG] Calling db->searchTodos...
[2026-02-19 20:35:58.280] [DEBUG] db->searchTodos returned 3 results
[2026-02-19 20:35:58.280] [DEBUG] First result: ID=2, title='Купить хлеб'
[2026-02-19 20:35:58.280] [DEBUG] JSON response length: 774
[2026-02-19 20:35:58.280] [DEBUG] JSON preview: {"query":"купить OR работа","count":3,"results":[{"id":2,"title":"Купить хлеб","description":"","completed":false,"created_at":"2026-02-19 16:27:24","priority":1,"due_date":"","c
[2026-02-19 20:35:58.280] [DEBUG] Response sent successfully
[2026-02-19 20:35:58.280] [DEBUG] ========== SEARCH ENDPOINT FINISHED ==========
[2026-02-19 20:36:10.185] [INFO ] Validating token: eyJhbGciOiJIUzI1NiIs...
[2026-02-19 20:36:10.185] [DEBUG] Validating JWT token...
[2026-02-19 20:36:10.185] [INFO ] Token valid for user: admin (ID: 1)
[2026-02-19 20:36:10.185] [DEBUG] ========== SEARCH ENDPOINT CALLED ==========
[2026-02-19 20:36:10.185] [DEBUG] Query: 'купить OR работа'
[2026-02-19 20:36:10.185] [DEBUG] Highlight: true
[2026-02-19 20:36:10.185] [DEBUG] User ID: 1
[2026-02-19 20:36:10.185] [DEBUG] Username: admin
[2026-02-19 20:36:10.185] [DEBUG] Calling db->searchTodos...
[2026-02-19 20:36:10.186] [DEBUG] db->searchTodos returned 3 results
[2026-02-19 20:36:10.186] [DEBUG] First result: ID=2, title='Купить хлеб'
[2026-02-19 20:36:10.186] [DEBUG] JSON response length: 749
[2026-02-19 20:36:10.186] [DEBUG] JSON preview: {"query":"купить OR работа","count":3,"results":[{"id":2,"title":"Купить хлеб","description":"","completed":false,"created_at":"2026-02-19 16:27:24","priority":1,"due_date":"","c
[2026-02-19 20:36:10.186] [DEBUG] Response sent successfully
[2026-02-19 20:36:10.186] [DEBUG] ========== SEARCH ENDPOINT FINISHED ==========
[2026-02-19 20:36:10.750] [INFO ] Validating token: eyJhbGciOiJIUzI1NiIs...
[2026-02-19 20:36:10.750] [DEBUG] Validating JWT token...
[2026-02-19 20:36:10.750] [INFO ] Token valid for user: admin (ID: 1)
[2026-02-19 20:36:10.750] [DEBUG] ========== SEARCH ENDPOINT CALLED ==========
[2026-02-19 20:36:10.750] [DEBUG] Query: 'купить OR работа'
[2026-02-19 20:36:10.750] [DEBUG] Highlight: true
[2026-02-19 20:36:10.750] [DEBUG] User ID: 1
[2026-02-19 20:36:10.750] [DEBUG] Username: admin
[2026-02-19 20:36:10.750] [DEBUG] Calling db->searchTodos...
[2026-02-19 20:36:10.750] [DEBUG] db->searchTodos returned 3 results
[2026-02-19 20:36:10.750] [DEBUG] First result: ID=2, title='Купить хлеб'
[2026-02-19 20:36:10.750] [DEBUG] JSON response length: 749
[2026-02-19 20:36:10.750] [DEBUG] JSON preview: {"query":"купить OR работа","count":3,"results":[{"id":2,"title":"Купить хлеб","description":"","completed":false,"created_at":"2026-02-19 16:27:24","priority":1,"due_date":"","c
[2026-02-19 20:36:10.750] [DEBUG] Response sent successfully
[2026-02-19 20:36:10.750] [DEBUG] ========== SEARCH ENDPOINT FINISHED ==========
[2026-02-19 20:36:29.678] [INFO ] Validating token: eyJhbGciOiJIUzI1NiIs...
[2026-02-19 20:36:29.678] [DEBUG] Validating JWT token...
[2026-02-19 20:36:29.678] [INFO ] Token valid for user: admin (ID: 1)
[2026-02-19 20:36:35.435] [INFO ] Validating token: eyJhbGciOiJIUzI1NiIs...
[2026-02-19 20:36:35.435] [DEBUG] Validating JWT token...
[2026-02-19 20:36:35.435] [INFO ] Token valid for user: admin (ID: 1)
[2026-02-19 20:36:45.144] [INFO ] Validating token: eyJhbGciOiJIUzI1NiIs...
[2026-02-19 20:36:45.144] [DEBUG] Validating JWT token...
[2026-02-19 20:36:45.144] [INFO ] Token valid for user: admin (ID: 1)
[2026-02-19 20:36:45.144] [DEBUG] Парсинг JSON:
  ID: 6
  Title: Работа по проекту
  Description: 
  Completed: false
  Priority: 1
  Due_date: 
  Category_id: 1
  User_id: 1
[2026-02-19 20:36:45.149] [INFO ] Todo replaced, ID: 6
[2026-02-19 20:36:45.149] [DEBUG] Successfully updated todo ID: 6
[2026-02-19 20:36:45.154] [INFO ] Validating token: eyJhbGciOiJIUzI1NiIs...
[2026-02-19 20:36:45.154] [DEBUG] Validating JWT token...
[2026-02-19 20:36:45.154] [INFO ] Token valid for user: admin (ID: 1)
[2026-02-19 20:36:45.160] [INFO ] Validating token: eyJhbGciOiJIUzI1NiIs...
[2026-02-19 20:36:45.160] [DEBUG] Validating JWT token...
[2026-02-19 20:36:45.160] [INFO ] Token valid for user: admin (ID: 1)
[2026-02-19 20:36:50.407] [INFO ] Validating token: eyJhbGciOiJIUzI1NiIs...
[2026-02-19 20:36:50.407] [DEBUG] Validating JWT token...
[2026-02-19 20:36:50.407] [INFO ] Token valid for user: admin (ID: 1)
[2026-02-19 20:36:50.407] [DEBUG] Парсинг JSON:
  ID: 5
  Title: qq
  Description: 
  Completed: false
  Priority: 1
  Due_date: 
  Category_id: 2
  User_id: 1
[2026-02-19 20:36:50.413] [INFO ] Todo replaced, ID: 5
[2026-02-19 20:36:50.413] [DEBUG] Successfully updated todo ID: 5
[2026-02-19 20:36:50.419] [INFO ] Validating token: eyJhbGciOiJIUzI1NiIs...
[2026-02-19 20:36:50.419] [DEBUG] Validating JWT token...
[2026-02-19 20:36:50.419] [INFO ] Token valid for user: admin (ID: 1)
[2026-02-19 20:36:50.424] [INFO ] Validating token: eyJhbGciOiJIUzI1NiIs...
[2026-02-19 20:36:50.424] [DEBUG] Validating JWT token...
[2026-02-19 20:36:50.424] [INFO ] Token valid for user: admin (ID: 1)
[2026-02-19 20:36:55.409] [INFO ] Validating token: eyJhbGciOiJIUzI1NiIs...
[2026-02-19 20:36:55.410] [DEBUG] Validating JWT token...
[2026-02-19 20:36:55.410] [INFO ] Token valid for user: admin (ID: 1)
[2026-02-19 20:36:55.410] [DEBUG] Парсинг JSON:
  ID: 4
  Title: fu uii
  Description: 
  Completed: false
  Priority: 1
  Due_date: 
  Category_id: 1
  User_id: 1
[2026-02-19 20:36:55.419] [INFO ] Todo replaced, ID: 4
[2026-02-19 20:36:55.419] [DEBUG] Successfully updated todo ID: 4
[2026-02-19 20:36:55.423] [INFO ] Validating token: eyJhbGciOiJIUzI1NiIs...
[2026-02-19 20:36:55.423] [DEBUG] Validating JWT token...
[2026-02-19 20:36:55.423] [INFO ] Token valid for user: admin (ID: 1)
[2026-02-19 20:36:55.432] [INFO ] Validating token: eyJhbGciOiJIUzI1NiIs...
[2026-02-19 20:36:55.432] [DEBUG] Validating JWT token...
[2026-02-19 20:36:55.432] [INFO ] Token valid for user: admin (ID: 1)
[2026-02-19 20:37:02.369] [INFO ] Validating token: eyJhbGciOiJIUzI1NiIs...
[2026-02-19 20:37:02.369] [DEBUG] Validating JWT token...
[2026-02-19 20:37:02.369] [INFO ] Token valid for user: admin (ID: 1)
[2026-02-19 20:37:02.369] [DEBUG] Парсинг JSON:
  ID: 2
  Title: Купить хлеб
  Description: 
  Completed: false
  Priority: 1
  Due_date: 
  Category_id: 1
  User_id: 1
[2026-02-19 20:37:02.372] [INFO ] Todo replaced, ID: 2
[2026-02-19 20:37:02.372] [DEBUG] Successfully updated todo ID: 2
[2026-02-19 20:37:02.375] [INFO ] Validating token: eyJhbGciOiJIUzI1NiIs...
[2026-02-19 20:37:02.375] [DEBUG] Validating JWT token...
[2026-02-19 20:37:02.375] [INFO ] Token valid for user: admin (ID: 1)
[2026-02-19 20:37:02.384] [INFO ] Validating token: eyJhbGciOiJIUzI1NiIs...
[2026-02-19 20:37:02.384] [DEBUG] Validating JWT token...
[2026-02-19 20:37:02.384] [INFO ] Token valid for user: admin (ID: 1)
[2026-02-19 20:37:10.256] [INFO ] Validating token: eyJhbGciOiJIUzI1NiIs...
[2026-02-19 20:37:10.256] [DEBUG] Validating JWT token...
[2026-02-19 20:37:10.256] [INFO ] Token valid for user: admin (ID: 1)
[2026-02-19 20:37:10.256] [DEBUG] Парсинг JSON:
  ID: 1
  Title: Купить молоко
  Description: 
  Completed: false
  Priority: 1
  Due_date: 2026-02-21
  Category_id: 0
  User_id: 1
[2026-02-19 20:37:10.262] [INFO ] Todo replaced, ID: 1
[2026-02-19 20:37:10.262] [DEBUG] Successfully updated todo ID: 1
[2026-02-19 20:37:10.269] [INFO ] Validating token: eyJhbGciOiJIUzI1NiIs...
[2026-02-19 20:37:10.269] [DEBUG] Validating JWT token...
[2026-02-19 20:37:10.269] [INFO ] Token valid for user: admin (ID: 1)
[2026-02-19 20:37:10.274] [INFO ] Validating token: eyJhbGciOiJIUzI1NiIs...
[2026-02-19 20:37:10.274] [DEBUG] Validating JWT token...
[2026-02-19 20:37:10.274] [INFO ] Token valid for user: admin (ID: 1)
[2026-02-19 20:37:19.752] [INFO ] Validating token: eyJhbGciOiJIUzI1NiIs...
[2026-02-19 20:37:19.752] [DEBUG] Validating JWT token...
[2026-02-19 20:37:19.752] [INFO ] Token valid for user: admin (ID: 1)
[2026-02-19 20:37:19.752] [DEBUG] Парсинг JSON:
  ID: 4
  Title: fu uii
  Description: 
  Completed: false
  Priority: 1
  Due_date: 2026-02-10
  Category_id: 1
  User_id: 1
[2026-02-19 20:37:19.756] [INFO ] Todo replaced, ID: 4
[2026-02-19 20:37:19.756] [DEBUG] Successfully updated todo ID: 4
[2026-02-19 20:37:19.763] [INFO ] Validating token: eyJhbGciOiJIUzI1NiIs...
[2026-02-19 20:37:19.763] [DEBUG] Validating JWT token...
[2026-02-19 20:37:19.763] [INFO ] Token valid for user: admin (ID: 1)
[2026-02-19 20:37:19.767] [INFO ] Validating token: eyJhbGciOiJIUzI1NiIs...
[2026-02-19 20:37:19.767] [DEBUG] Validating JWT token...
[2026-02-19 20:37:19.767] [INFO ] Token valid for user: admin (ID: 1)
[2026-02-19 20:37:26.365] [INFO ] Validating token: eyJhbGciOiJIUzI1NiIs...
[2026-02-19 20:37:26.365] [DEBUG] Validating JWT token...
[2026-02-19 20:37:26.365] [INFO ] Token valid for user: admin (ID: 1)
[2026-02-19 20:37:28.038] [INFO ] Validating token: eyJhbGciOiJIUzI1NiIs...
[2026-02-19 20:37:28.038] [DEBUG] Validating JWT token...
[2026-02-19 20:37:28.038] [INFO ] Token valid for user: admin (ID: 1)
[2026-02-19 20:37:28.763] [INFO ] Validating token: eyJhbGciOiJIUzI1NiIs...
[2026-02-19 20:37:28.763] [DEBUG] Validating JWT token...
[2026-02-19 20:37:28.763] [INFO ] Token valid for user: admin (ID: 1)
[2026-02-19 20:37:29.405] [INFO ] Validating token: eyJhbGciOiJIUzI1NiIs...
[2026-02-19 20:37:29.405] [DEBUG] Validating JWT token...
[2026-02-19 20:37:29.405] [INFO ] Token valid for user: admin (ID: 1)
[2026-02-19 20:37:30.749] [INFO ] Validating token: eyJhbGciOiJIUzI1NiIs...
[2026-02-19 20:37:30.749] [DEBUG] Validating JWT token...
[2026-02-19 20:37:30.750] [INFO ] Token valid for user: admin (ID: 1)
[2026-02-19 20:37:33.275] [INFO ] Validating token: eyJhbGciOiJIUzI1NiIs...
[2026-02-19 20:37:33.275] [DEBUG] Validating JWT token...
[2026-02-19 20:37:33.275] [INFO ] Token valid for user: admin (ID: 1)
[2026-02-19 20:37:34.524] [INFO ] Validating token: eyJhbGciOiJIUzI1NiIs...
[2026-02-19 20:37:34.524] [DEBUG] Validating JWT token...
[2026-02-19 20:37:34.525] [INFO ] Token valid for user: admin (ID: 1)
[2026-02-19 20:37:35.219] [INFO ] Validating token: eyJhbGciOiJIUzI1NiIs...
[2026-02-19 20:37:35.219] [DEBUG] Validating JWT token...
[2026-02-19 20:37:35.219] [INFO ] Token valid for user: admin (ID: 1)
[2026-02-19 20:37:37.469] [INFO ] Validating token: eyJhbGciOiJIUzI1NiIs...
[2026-02-19 20:37:37.469] [DEBUG] Validating JWT token...
[2026-02-19 20:37:37.469] [INFO ] Token valid for user: admin (ID: 1)
[2026-02-19 20:37:38.004] [INFO ] Validating token: eyJhbGciOiJIUzI1NiIs...
[2026-02-19 20:37:38.004] [DEBUG] Validating JWT token...
[2026-02-19 20:37:38.004] [INFO ] Token valid for user: admin (ID: 1)
[2026-02-19 20:37:38.638] [INFO ] Validating token: eyJhbGciOiJIUzI1NiIs...
[2026-02-19 20:37:38.638] [DEBUG] Validating JWT token...
[2026-02-19 20:37:38.638] [INFO ] Token valid for user: admin (ID: 1)
[2026-02-19 20:37:39.069] [INFO ] Validating token: eyJhbGciOiJIUzI1NiIs...
[2026-02-19 20:37:39.069] [DEBUG] Validating JWT token...
[2026-02-19 20:37:39.069] [INFO ] Token valid for user: admin (ID: 1)
[2026-02-19 20:37:39.317] [INFO ] Validating token: eyJhbGciOiJIUzI1NiIs...
[2026-02-19 20:37:39.317] [DEBUG] Validating JWT token...
[2026-02-19 20:37:39.317] [INFO ] Token valid for user: admin (ID: 1)
[2026-02-19 20:37:39.525] [INFO ] Validating token: eyJhbGciOiJIUzI1NiIs...
[2026-02-19 20:37:39.525] [DEBUG] Validating JWT token...
[2026-02-19 20:37:39.526] [INFO ] Token valid for user: admin (ID: 1)
[2026-02-19 20:37:39.710] [INFO ] Validating token: eyJhbGciOiJIUzI1NiIs...
[2026-02-19 20:37:39.710] [DEBUG] Validating JWT token...
[2026-02-19 20:37:39.710] [INFO ] Token valid for user: admin (ID: 1)
[2026-02-19 20:37:39.914] [INFO ] Validating token: eyJhbGciOiJIUzI1NiIs...
[2026-02-19 20:37:39.914] [DEBUG] Validating JWT token...
[2026-02-19 20:37:39.914] [INFO ] Token valid for user: admin (ID: 1)
[2026-02-19 20:37:40.090] [INFO ] Validating token: eyJhbGciOiJIUzI1NiIs...
[2026-02-19 20:37:40.090] [DEBUG] Validating JWT token...
[2026-02-19 20:37:40.090] [INFO ] Token valid for user: admin (ID: 1)
[2026-02-19 20:37:40.275] [INFO ] Validating token: eyJhbGciOiJIUzI1NiIs...
[2026-02-19 20:37:40.275] [DEBUG] Validating JWT token...
[2026-02-19 20:37:40.276] [INFO ] Token valid for user: admin (ID: 1)
[2026-02-19 20:37:41.334] [INFO ] Validating token: eyJhbGciOiJIUzI1NiIs...
[2026-02-19 20:37:41.334] [DEBUG] Validating JWT token...
[2026-02-19 20:37:41.334] [INFO ] Token valid for user: admin (ID: 1)
[2026-02-19 20:37:41.807] [INFO ] Validating token: eyJhbGciOiJIUzI1NiIs...
[2026-02-19 20:37:41.807] [DEBUG] Validating JWT token...
[2026-02-19 20:37:41.807] [INFO ] Token valid for user: admin (ID: 1)
[2026-02-19 20:37:42.131] [INFO ] Validating token: eyJhbGciOiJIUzI1NiIs...
[2026-02-19 20:37:42.132] [DEBUG] Validating JWT token...
[2026-02-19 20:37:42.132] [INFO ] Token valid for user: admin (ID: 1)
[2026-02-19 20:37:42.418] [INFO ] Validating token: eyJhbGciOiJIUzI1NiIs...
[2026-02-19 20:37:42.418] [DEBUG] Validating JWT token...
[2026-02-19 20:37:42.418] [INFO ] Token valid for user: admin (ID: 1)
[2026-02-19 20:37:42.657] [INFO ] Validating token: eyJhbGciOiJIUzI1NiIs...
[2026-02-19 20:37:42.657] [DEBUG] Validating JWT token...
[2026-02-19 20:37:42.657] [INFO ] Token valid for user: admin (ID: 1)
[2026-02-19 20:37:43.382] [INFO ] Validating token: eyJhbGciOiJIUzI1NiIs...
[2026-02-19 20:37:43.383] [DEBUG] Validating JWT token...
[2026-02-19 20:37:43.383] [INFO ] Token valid for user: admin (ID: 1)
[2026-02-19 20:37:43.836] [INFO ] Validating token: eyJhbGciOiJIUzI1NiIs...
[2026-02-19 20:37:43.836] [DEBUG] Validating JWT token...
[2026-02-19 20:37:43.836] [INFO ] Token valid for user: admin (ID: 1)
[2026-02-19 20:37:53.699] [INFO ] Validating token: eyJhbGciOiJIUzI1NiIs...
[2026-02-19 20:37:53.699] [DEBUG] Validating JWT token...
[2026-02-19 20:37:53.699] [INFO ] Token valid for user: admin (ID: 1)
[2026-02-19 20:38:18.013] [INFO ] Validating token: eyJhbGciOiJIUzI1NiIs...
[2026-02-19 20:38:18.014] [DEBUG] Validating JWT token...
[2026-02-19 20:38:18.014] [INFO ] Token valid for user: admin (ID: 1)
[2026-02-19 20:38:18.014] [DEBUG] ========== SEARCH ENDPOINT CALLED ==========
[2026-02-19 20:38:18.014] [DEBUG] Query: 'fu OR qq'
[2026-02-19 20:38:18.014] [DEBUG] Highlight: true
[2026-02-19 20:38:18.014] [DEBUG] User ID: 1
[2026-02-19 20:38:18.014] [DEBUG] Username: admin
[2026-02-19 20:38:18.014] [DEBUG] Calling db->searchTodos...
[2026-02-19 20:38:18.014] [DEBUG] db->searchTodos returned 2 results
[2026-02-19 20:38:18.014] [DEBUG] First result: ID=4, title='fu uii'
[2026-02-19 20:38:18.014] [DEBUG] JSON response length: 472
[2026-02-19 20:38:18.014] [DEBUG] JSON preview: {"query":"fu OR qq","count":2,"results":[{"id":4,"title":"fu uii","description":"","completed":false,"created_at":"2026-02-19 16:27:59","priority":1,"due_date":"2026-02-10","category_id":1,"user_id":1
[2026-02-19 20:38:18.014] [DEBUG] Response sent successfully
[2026-02-19 20:38:18.014] [DEBUG] ========== SEARCH ENDPOINT FINISHED ==========
[2026-02-19 20:38:35.275] [DEBUG] Registration request
[2026-02-19 20:38:35.280] [INFO ] User registered: qwert (ID: 2)
[2026-02-19 20:38:35.280] [INFO ]  User registered: qwert (ID: 2)
[2026-02-19 20:38:35.287] [INFO ] Validating token: eyJhbGciOiJIUzI1NiIs...
[2026-02-19 20:38:35.287] [DEBUG] Validating JWT token...
[2026-02-19 20:38:35.287] [INFO ] Token valid for user: qwert (ID: 2)
[2026-02-19 20:38:35.288] [INFO ] Validating token: eyJhbGciOiJIUzI1NiIs...
[2026-02-19 20:38:35.288] [DEBUG] Validating JWT token...
[2026-02-19 20:38:35.288] [INFO ] Token valid for user: qwert (ID: 2)
[2026-02-19 20:38:35.314] [INFO ] Validating token: eyJhbGciOiJIUzI1NiIs...
[2026-02-19 20:38:35.314] [DEBUG] Validating JWT token...
[2026-02-19 20:38:35.314] [INFO ] Token valid for user: qwert (ID: 2)
[2026-02-19 20:38:35.315] [INFO ] Validating token: eyJhbGciOiJIUzI1NiIs...
[2026-02-19 20:38:35.315] [DEBUG] Validating JWT token...
[2026-02-19 20:38:35.315] [INFO ] Token valid for user: qwert (ID: 2)
[2026-02-19 20:39:01.258] [INFO ] Validating token: eyJhbGciOiJIUzI1NiIs...
[2026-02-19 20:39:01.258] [DEBUG] Validating JWT token...
[2026-02-19 20:39:01.258] [INFO ] Token valid for user: qwert (ID: 2)
[2026-02-19 20:39:26.352] [INFO ] Validating token: eyJhbGciOiJIUzI1NiIs...
[2026-02-19 20:39:26.352] [DEBUG] Validating JWT token...
[2026-02-19 20:39:26.352] [INFO ] Token valid for user: qwert (ID: 2)
[2026-02-19 20:39:26.360] [INFO ] Todo created for user 'qwert', ID: 7
[2026-02-19 20:39:26.363] [INFO ] Validating token: eyJhbGciOiJIUzI1NiIs...
[2026-02-19 20:39:26.363] [DEBUG] Validating JWT token...
[2026-02-19 20:39:26.363] [INFO ] Token valid for user: qwert (ID: 2)
[2026-02-19 20:39:26.367] [INFO ] Validating token: eyJhbGciOiJIUzI1NiIs...
[2026-02-19 20:39:26.367] [DEBUG] Validating JWT token...
[2026-02-19 20:39:26.367] [INFO ] Token valid for user: qwert (ID: 2)
[2026-02-19 20:39:41.666] [INFO ] Validating token: eyJhbGciOiJIUzI1NiIs...
[2026-02-19 20:39:41.666] [DEBUG] Validating JWT token...
[2026-02-19 20:39:41.666] [INFO ] Token valid for user: qwert (ID: 2)
[2026-02-19 20:39:41.673] [INFO ] Todo created for user 'qwert', ID: 8
[2026-02-19 20:39:41.678] [INFO ] Validating token: eyJhbGciOiJIUzI1NiIs...
[2026-02-19 20:39:41.678] [DEBUG] Validating JWT token...
[2026-02-19 20:39:41.678] [INFO ] Token valid for user: qwert (ID: 2)
[2026-02-19 20:39:41.682] [INFO ] Validating token: eyJhbGciOiJIUzI1NiIs...
[2026-02-19 20:39:41.682] [DEBUG] Validating JWT token...
[2026-02-19 20:39:41.682] [INFO ] Token valid for user: qwert (ID: 2)
[2026-02-19 20:39:59.063] [INFO ] Validating token: eyJhbGciOiJIUzI1NiIs...
[2026-02-19 20:39:59.063] [DEBUG] Validating JWT token...
[2026-02-19 20:39:59.063] [INFO ] Token valid for user: qwert (ID: 2)
[2026-02-19 20:39:59.069] [INFO ] Todo created for user 'qwert', ID: 9
[2026-02-19 20:39:59.073] [INFO ] Validating token: eyJhbGciOiJIUzI1NiIs...
[2026-02-19 20:39:59.073] [DEBUG] Validating JWT token...
[2026-02-19 20:39:59.073] [INFO ] Token valid for user: qwert (ID: 2)
[2026-02-19 20:39:59.077] [INFO ] Validating token: eyJhbGciOiJIUzI1NiIs...
[2026-02-19 20:39:59.077] [DEBUG] Validating JWT token...
[2026-02-19 20:39:59.077] [INFO ] Token valid for user: qwert (ID: 2)
[2026-02-19 20:40:01.133] [INFO ] Validating token: eyJhbGciOiJIUzI1NiIs...
[2026-02-19 20:40:01.133] [DEBUG] Validating JWT token...
[2026-02-19 20:40:01.133] [INFO ] Token valid for user: qwert (ID: 2)
[2026-02-19 20:40:02.285] [INFO ] Validating token: eyJhbGciOiJIUzI1NiIs...
[2026-02-19 20:40:02.285] [DEBUG] Validating JWT token...
[2026-02-19 20:40:02.285] [INFO ] Token valid for user: qwert (ID: 2)
[2026-02-19 20:40:20.080] [INFO ] Validating token: eyJhbGciOiJIUzI1NiIs...
[2026-02-19 20:40:20.080] [DEBUG] Validating JWT token...
[2026-02-19 20:40:20.080] [INFO ] Token valid for user: qwert (ID: 2)
[2026-02-19 20:40:20.080] [DEBUG] ========== SEARCH ENDPOINT CALLED ==========
[2026-02-19 20:40:20.080] [DEBUG] Query: 'абота'
[2026-02-19 20:40:20.080] [DEBUG] Highlight: true
[2026-02-19 20:40:20.080] [DEBUG] User ID: 2
[2026-02-19 20:40:20.080] [DEBUG] Username: qwert
[2026-02-19 20:40:20.080] [DEBUG] Calling db->searchTodos...
[2026-02-19 20:40:20.080] [DEBUG] db->searchTodos returned 1 results
[2026-02-19 20:40:20.080] [DEBUG] First result: ID=9, title='Работа по проекту'
[2026-02-19 20:40:20.080] [DEBUG] JSON response length: 310
[2026-02-19 20:40:20.080] [DEBUG] JSON preview: {"query":"абота","count":1,"results":[{"id":9,"title":"Работа по проекту","description":"","completed":false,"created_at":"2026-02-19 17:39:59","priority":1,"due_date":"","category
[2026-02-19 20:40:20.080] [DEBUG] Response sent successfully
[2026-02-19 20:40:20.080] [DEBUG] ========== SEARCH ENDPOINT FINISHED ==========
[2026-02-19 20:40:37.379] [INFO ] Validating token: eyJhbGciOiJIUzI1NiIs...
[2026-02-19 20:40:37.379] [DEBUG] Validating JWT token...
[2026-02-19 20:40:37.379] [INFO ] Token valid for user: qwert (ID: 2)
[2026-02-19 20:40:37.379] [DEBUG] ========== SEARCH ENDPOINT CALLED ==========
[2026-02-19 20:40:37.379] [DEBUG] Query: 'работа'
[2026-02-19 20:40:37.379] [DEBUG] Highlight: true
[2026-02-19 20:40:37.379] [DEBUG] User ID: 2
[2026-02-19 20:40:37.379] [DEBUG] Username: qwert
[2026-02-19 20:40:37.379] [DEBUG] Calling db->searchTodos...
[2026-02-19 20:40:37.380] [DEBUG] db->searchTodos returned 1 results
[2026-02-19 20:40:37.380] [DEBUG] First result: ID=9, title='Работа по проекту'
[2026-02-19 20:40:37.380] [DEBUG] JSON response length: 312
[2026-02-19 20:40:37.380] [DEBUG] JSON preview: {"query":"работа","count":1,"results":[{"id":9,"title":"Работа по проекту","description":"","completed":false,"created_at":"2026-02-19 17:39:59","priority":1,"due_date":"","catego
[2026-02-19 20:40:37.380] [DEBUG] Response sent successfully
[2026-02-19 20:40:37.380] [DEBUG] ========== SEARCH ENDPOINT FINISHED ==========
[2026-02-19 20:40:38.336] [INFO ] Validating token: eyJhbGciOiJIUzI1NiIs...
[2026-02-19 20:40:38.336] [DEBUG] Validating JWT token...
[2026-02-19 20:40:38.336] [INFO ] Token valid for user: qwert (ID: 2)
[2026-02-19 20:40:38.336] [DEBUG] ========== SEARCH ENDPOINT CALLED ==========
[2026-02-19 20:40:38.336] [DEBUG] Query: 'работа'
[2026-02-19 20:40:38.336] [DEBUG] Highlight: true
[2026-02-19 20:40:38.336] [DEBUG] User ID: 2
[2026-02-19 20:40:38.336] [DEBUG] Username: qwert
[2026-02-19 20:40:38.336] [DEBUG] Calling db->searchTodos...
[2026-02-19 20:40:38.337] [DEBUG] db->searchTodos returned 1 results
[2026-02-19 20:40:38.337] [DEBUG] First result: ID=9, title='Работа по проекту'
[2026-02-19 20:40:38.337] [DEBUG] JSON response length: 312
[2026-02-19 20:40:38.337] [DEBUG] JSON preview: {"query":"работа","count":1,"results":[{"id":9,"title":"Работа по проекту","description":"","completed":false,"created_at":"2026-02-19 17:39:59","priority":1,"due_date":"","catego
[2026-02-19 20:40:38.337] [DEBUG] Response sent successfully
[2026-02-19 20:40:38.337] [DEBUG] ========== SEARCH ENDPOINT FINISHED ==========
[2026-02-19 20:40:39.094] [INFO ] Validating token: eyJhbGciOiJIUzI1NiIs...
[2026-02-19 20:40:39.094] [DEBUG] Validating JWT token...
[2026-02-19 20:40:39.094] [INFO ] Token valid for user: qwert (ID: 2)
[2026-02-19 20:40:39.094] [DEBUG] ========== SEARCH ENDPOINT CALLED ==========
[2026-02-19 20:40:39.094] [DEBUG] Query: 'работа'
[2026-02-19 20:40:39.094] [DEBUG] Highlight: true
[2026-02-19 20:40:39.094] [DEBUG] User ID: 2
[2026-02-19 20:40:39.094] [DEBUG] Username: qwert
[2026-02-19 20:40:39.094] [DEBUG] Calling db->searchTodos...
[2026-02-19 20:40:39.094] [DEBUG] db->searchTodos returned 1 results
[2026-02-19 20:40:39.094] [DEBUG] First result: ID=9, title='Работа по проекту'
[2026-02-19 20:40:39.095] [DEBUG] JSON response length: 312
[2026-02-19 20:40:39.095] [DEBUG] JSON preview: {"query":"работа","count":1,"results":[{"id":9,"title":"Работа по проекту","description":"","completed":false,"created_at":"2026-02-19 17:39:59","priority":1,"due_date":"","catego
[2026-02-19 20:40:39.095] [DEBUG] Response sent successfully
[2026-02-19 20:40:39.095] [DEBUG] ========== SEARCH ENDPOINT FINISHED ==========
[2026-02-19 20:41:24.698] [INFO ] Validating token: eyJhbGciOiJIUzI1NiIs...
[2026-02-19 20:41:24.698] [DEBUG] Validating JWT token...
[2026-02-19 20:41:24.698] [INFO ] Token valid for user: qwert (ID: 2)
[2026-02-19 20:41:24.698] [DEBUG] ========== SEARCH ENDPOINT CALLED ==========
[2026-02-19 20:41:24.698] [DEBUG] Query: 'работа NOT проекту'
[2026-02-19 20:41:24.698] [DEBUG] Highlight: true
[2026-02-19 20:41:24.699] [DEBUG] User ID: 2
[2026-02-19 20:41:24.699] [DEBUG] Username: qwert
[2026-02-19 20:41:24.699] [DEBUG] Calling db->searchTodos...
[2026-02-19 20:41:24.699] [DEBUG] db->searchTodos returned 0 results
[2026-02-19 20:41:24.699] [DEBUG] JSON response length: 66
[2026-02-19 20:41:24.699] [DEBUG] JSON preview: {"query":"работа NOT проекту","count":0,"results":[]}
[2026-02-19 20:41:24.699] [DEBUG] Response sent successfully
[2026-02-19 20:41:24.699] [DEBUG] ========== SEARCH ENDPOINT FINISHED ==========
[2026-02-19 20:41:27.369] [INFO ] Validating token: eyJhbGciOiJIUzI1NiIs...
[2026-02-19 20:41:27.369] [DEBUG] Validating JWT token...
[2026-02-19 20:41:27.369] [INFO ] Token valid for user: qwert (ID: 2)
[2026-02-19 20:41:27.369] [DEBUG] ========== SEARCH ENDPOINT CALLED ==========
[2026-02-19 20:41:27.369] [DEBUG] Query: 'работа NOT проект'
[2026-02-19 20:41:27.369] [DEBUG] Highlight: true
[2026-02-19 20:41:27.369] [DEBUG] User ID: 2
[2026-02-19 20:41:27.369] [DEBUG] Username: qwert
[2026-02-19 20:41:27.369] [DEBUG] Calling db->searchTodos...
[2026-02-19 20:41:27.369] [DEBUG] db->searchTodos returned 1 results
[2026-02-19 20:41:27.369] [DEBUG] First result: ID=9, title='Работа по проекту'
[2026-02-19 20:41:27.369] [DEBUG] JSON response length: 317
[2026-02-19 20:41:27.369] [DEBUG] JSON preview: {"query":"работа NOT проект","count":1,"results":[{"id":9,"title":"Работа по проекту","description":"","completed":false,"created_at":"2026-02-19 17:39:59","priority":1,"due
[2026-02-19 20:41:27.369] [DEBUG] Response sent successfully
[2026-02-19 20:41:27.369] [DEBUG] ========== SEARCH ENDPOINT FINISHED ==========
[2026-02-19 20:41:43.026] [INFO ] Validating token: eyJhbGciOiJIUzI1NiIs...
[2026-02-19 20:41:43.026] [DEBUG] Validating JWT token...
[2026-02-19 20:41:43.026] [INFO ] Token valid for user: qwert (ID: 2)
[2026-02-19 20:41:43.026] [DEBUG] ========== SEARCH ENDPOINT CALLED ==========
[2026-02-19 20:41:43.026] [DEBUG] Query: 'работа NOT проектe'
[2026-02-19 20:41:43.026] [DEBUG] Highlight: true
[2026-02-19 20:41:43.026] [DEBUG] User ID: 2
[2026-02-19 20:41:43.026] [DEBUG] Username: qwert
[2026-02-19 20:41:43.026] [DEBUG] Calling db->searchTodos...
[2026-02-19 20:41:43.026] [DEBUG] db->searchTodos returned 1 results
[2026-02-19 20:41:43.027] [DEBUG] First result: ID=9, title='Работа по проекту'
[2026-02-19 20:41:43.027] [DEBUG] JSON response length: 330
[2026-02-19 20:41:43.027] [DEBUG] JSON preview: {"query":"работа NOT проектe","count":1,"results":[{"id":9,"title":"Работа по проекту","description":"","completed":false,"created_at":"2026-02-19 17:39:59","priority":1,"du
[2026-02-19 20:41:43.027] [DEBUG] Response sent successfully
[2026-02-19 20:41:43.027] [DEBUG] ========== SEARCH ENDPOINT FINISHED ==========
